CustomerId,Country,SupportRepId,TotalSpent,NumInvoices,NumTracks,AvgInvoiceValue,FavoriteGenre,FirstPurchase,LastPurchase,RecencyDays,TenureDays,RecencyScore
1,United Kingdom,4,11.49,7,11,1.64,Rock,2019-01-03,2021-05-16,1325,864,2
2,USA,4,14.1,5,13,2.82,Latin,2018-09-28,2020-11-14,1508,778,2
3,Czech Republic,3,5.47,2,5,2.74,Rock,2022-09-18,2024-05-02,243,592,0
4,USA,5,8.62,3,8,2.87,Latin,2018-07-03,2021-06-30,1280,1093,2
5,Belgium,3,12.71,5,12,2.54,Rock,2022-04-07,2024-07-06,178,821,0
6,France,4,69.3,17,67,4.08,Alternative & Punk,2018-04-07,2021-03-25,1377,1083,2
7,USA,5,17.32,4,17,4.33,Pop,2020-07-31,2023-03-26,646,968,1
8,Canada,4,12.21,2,12,6.1,Pop,2023-12-25,2024-07-12,172,200,0
9,France,4,54.43,15,53,3.63,Pop,2018-08-16,2021-08-07,1242,1087,2
10,Portugal,5,58.12,13,51,4.47,R&B/Soul,2020-04-06,2022-09-27,826,904,2
11,Canada,5,23.36,5,22,4.67,Metal,2022-11-15,2024-09-23,99,678,0
12,United Kingdom,3,1.24,1,1,1.24,Jazz,2022-05-09,2024-01-14,352,615,0
13,Portugal,5,10.4,4,10,2.6,Rock,2019-04-20,2021-08-28,1221,861,2
14,Brazil,3,7.41,4,7,1.85,Latin,2020-03-18,2022-11-12,780,969,2
15,USA,3,34.42,15,33,2.29,Rock,2019-10-06,2022-08-31,853,1060,2
16,USA,4,34.18,9,32,3.8,Rock,2019-09-03,2022-04-14,992,954,2
17,Hungary,4,45.98,15,44,3.07,Rock,2018-10-11,2021-05-31,1310,963,2
18,United Kingdom,4,15.41,6,15,2.57,Reggae,2020-03-01,2022-08-10,874,892,2
19,Italy,5,48.96,13,48,3.77,Rock,2019-07-12,2022-04-12,994,1005,2
20,Canada,3,6.85,1,6,6.85,Easy Listening,2020-10-17,2023-02-16,684,852,1
21,Ireland,4,48.53,13,42,3.73,Easy Listening,2020-11-24,2023-03-10,662,836,1
22,Canada,3,32.36,9,32,3.6,Rock,2019-09-24,2022-08-21,863,1062,2
23,Austria,4,29.28,8,23,3.66,Jazz,2020-07-02,2023-02-02,698,945,1
24,Brazil,5,4.07,3,4,1.36,Rock,2020-08-07,2022-09-18,835,772,2
25,Germany,4,15.07,2,14,7.54,Rock,2017-08-05,2020-03-30,1737,968,2
26,Brazil,4,15.27,4,12,3.82,Jazz,2022-04-02,2024-11-18,43,961,0
27,USA,4,72.37,17,69,4.26,Alternative & Punk,2018-10-15,2021-04-10,1361,908,2
28,Denmark,4,35.66,8,34,4.46,Rock,2021-11-23,2024-07-09,175,959,0
29,Italy,5,27.94,9,27,3.1,Latin,2021-05-01,2024-01-28,338,1002,0
30,USA,3,34.27,12,33,2.86,Reggae,2019-07-19,2021-07-21,1259,733,2
31,Brazil,3,4.33,2,4,2.16,Alternative & Punk,2023-03-30,2024-06-12,202,440,0
32,France,4,16.13,7,13,2.3,Jazz,2019-09-26,2022-05-24,952,971,2
33,Ireland,4,6.06,1,5,6.06,Jazz,2021-08-13,2023-05-14,597,639,1
34,USA,4,42.66,12,38,3.56,R&B/Soul,2018-03-29,2020-08-23,1591,878,2
35,India,3,34.91,12,34,2.91,Rock,2017-01-21,2020-01-16,1811,1090,2
36,Canada,3,19.09,3,18,6.36,Rock,2021-06-29,2024-04-05,270,1011,0
37,USA,4,12.39,3,12,4.13,Latin,2017-08-03,2020-06-06,1669,1038,2
38,Finland,5,4.24,2,4,2.12,Rock,2017-08-23,2020-06-21,1654,1033,2
39,Germany,4,17.62,5,17,3.52,Latin,2019-11-18,2022-03-04,1033,837,2
40,Germany,4,23.61,7,23,3.37,Alternative & Punk,2021-08-10,2024-07-23,161,1078,0
41,France,5,64.02,12,62,5.34,Latin,2021-01-15,2024-01-13,353,1093,0
42,Canada,4,3.07,1,3,3.07,Rock,2018-01-12,2020-01-04,1823,722,2
43,USA,3,7.98,5,8,1.6,Hip Hop/Rap,2020-02-08,2022-12-13,749,1039,2
44,USA,4,41.2,15,40,2.75,Alternative & Punk,2018-01-24,2020-09-30,1553,980,2
45,United Kingdom,5,20.1,5,19,4.02,Latin,2021-07-24,2024-06-08,206,1050,0
46,France,3,19.3,7,18,2.76,Alternative & Punk,2017-09-25,2020-08-20,1594,1060,2
47,Canada,3,55.11,12,53,4.59,Rock,2021-02-20,2023-12-28,369,1041,1
48,Canada,5,10.28,3,10,3.43,Rock,2019-07-19,2022-05-03,973,1019,2
49,Canada,5,11.97,6,12,2.0,Rock,2018-11-26,2021-10-15,1173,1054,2
50,Germany,3,6.02,4,6,1.5,Rock,2019-11-28,2022-10-17,806,1054,2
51,USA,5,4.37,2,4,2.18,Rock,2022-04-24,2024-12-12,19,963,0
52,Czech Republic,4,14.94,2,13,7.47,Blues,2018-01-03,2020-04-02,1734,820,2
53,Canada,3,23.92,9,23,2.66,Pop,2018-04-06,2021-02-11,1419,1042,2
54,Germany,5,10.16,3,10,3.39,Rock,2021-09-12,2024-05-22,223,983,0
55,Canada,5,36.63,11,35,3.33,Rock,2018-03-13,2021-02-21,1409,1076,2
56,France,4,3.2,2,3,1.6,Rock,2019-09-06,2021-03-14,1388,555,2
57,United Kingdom,3,10.37,3,10,3.46,Alternative & Punk,2017-04-22,2020-04-13,1723,1087,2
58,Hungary,3,20.67,6,19,3.44,Metal,2022-06-10,2024-03-28,278,657,0
59,Canada,5,23.6,3,21,7.87,Easy Listening,2020-02-11,2022-12-09,753,1032,2
60,Canada,3,45.09,14,42,3.22,Rock,2019-09-08,2022-07-03,912,1029,2
61,Germany,5,20.19,5,19,4.04,Metal,2022-04-22,2024-07-10,174,810,0
62,Finland,5,4.05,2,4,2.02,Latin,2021-10-05,2023-09-17,471,712,1
63,Other,3,5.35,2,4,2.68,Classical,2019-01-29,2021-09-03,1215,948,2
64,Canada,5,26.54,9,25,2.95,Pop,2021-12-10,2024-04-16,259,858,0
65,Czech Republic,5,62.86,20,60,3.14,Rock,2019-06-15,2022-05-24,952,1074,2
66,United Kingdom,4,23.67,5,19,4.73,Jazz,2021-07-13,2024-04-12,263,1004,0
67,United Kingdom,5,2.34,1,2,2.34,Jazz,2019-12-22,2022-09-16,837,999,2
68,France,5,23.81,9,23,2.65,Rock,2018-08-08,2021-07-16,1264,1073,2
69,United Kingdom,3,23.16,4,22,5.79,Rock,2020-04-18,2022-12-17,745,973,2
70,Austria,3,19.72,4,16,4.93,Jazz,2020-05-10,2022-10-22,801,895,2
71,Belgium,3,5.15,1,5,5.15,Rock,2023-08-03,2023-12-31,366,150,1
72,Canada,3,6.86,4,7,1.72,Rock,2019-03-28,2021-09-23,1195,910,2
73,USA,4,7.43,4,7,1.86,Alternative & Punk,2022-07-10,2024-11-03,58,847,0
74,France,4,48.04,17,46,2.83,Rock,2018-09-22,2021-07-03,1277,1015,2
75,France,5,22.07,4,21,5.52,Latin,2019-09-10,2022-09-08,845,1094,2
76,Brazil,5,41.03,9,40,4.56,Alternative & Punk,2018-06-08,2021-03-28,1374,1024,2
77,Austria,3,39.8,16,39,2.49,Rock,2021-07-11,2024-06-25,189,1080,0
78,India,4,38.81,11,37,3.53,Rock,2018-05-25,2021-04-05,1366,1046,2
79,Netherlands,5,30.51,9,26,3.39,Easy Listening,2017-12-19,2020-09-16,1567,1002,2
80,Germany,4,25.16,7,24,3.59,Rock,2021-11-04,2024-06-02,212,941,0
81,USA,5,36.26,12,35,3.02,Alternative & Punk,2021-02-18,2023-10-24,434,978,1
82,Denmark,4,8.33,1,8,8.33,Alternative & Punk,2018-04-01,2021-02-24,1406,1060,2
83,Canada,3,21.91,4,21,5.48,Alternative & Punk,2020-12-08,2022-12-17,745,739,2
84,USA,3,3.14,2,3,1.57,Rock,2021-09-23,2022-11-13,779,416,2
85,Denmark,3,34.46,10,28,3.45,Jazz,2019-03-14,2021-09-27,1191,928,2
86,USA,5,41.35,11,36,3.76,Blues,2020-12-04,2023-10-12,446,1042,1
87,Germany,3,9.48,5,7,1.9,Classical,2017-09-27,2020-01-14,1813,839,2
88,Canada,3,9.42,3,9,3.14,Metal,2019-03-25,2020-10-18,1535,573,2
89,Norway,5,46.02,10,45,4.6,Rock,2017-10-23,2020-05-07,1699,927,2
90,Germany,3,13.51,6,13,2.25,Rock,2017-08-20,2020-02-14,1782,908,2
91,USA,5,81.06,20,78,4.05,Alternative & Punk,2018-06-07,2021-05-18,1323,1076,2
92,Norway,5,25.91,10,25,2.59,Latin,2021-09-01,2023-11-11,416,801,1
93,USA,5,10.32,7,10,1.47,Metal,2021-02-13,2023-08-26,493,924,1
94,United Kingdom,3,17.16,4,17,4.29,Metal,2019-12-26,2022-06-02,943,889,2
95,Germany,3,14.14,5,14,2.83,Rock,2018-07-04,2021-02-27,1403,969,2
96,USA,5,15.38,5,13,3.08,Blues,2018-03-23,2020-07-17,1628,847,2
97,Austria,5,41.08,7,33,5.87,Jazz,2018-04-23,2020-10-28,1525,919,2
98,United Kingdom,4,31.49,12,30,2.62,Alternative & Punk,2017-07-18,2020-03-17,1750,973,2
99,USA,3,12.49,5,12,2.5,Rock,2022-02-19,2024-09-10,112,934,0
100,Germany,3,4.19,1,4,4.19,Rock,2023-04-01,2024-09-11,111,529,0
101,USA,3,15.57,3,15,5.19,Alternative & Punk,2023-07-18,2024-10-21,71,461,0
102,France,4,42.38,11,40,3.85,Latin,2019-08-28,2022-07-29,886,1066,2
103,USA,5,10.17,3,10,3.39,Rock,2022-05-25,2024-04-11,264,687,0
104,United Kingdom,5,28.0,8,27,3.5,Alternative & Punk,2017-06-05,2020-05-25,1681,1085,2
105,France,3,52.68,20,51,2.63,Rock,2021-02-13,2024-02-05,330,1087,0
106,Germany,5,18.28,6,16,3.05,Blues,2018-05-08,2021-02-17,1413,1016,2
107,Other,3,20.89,7,20,2.98,Rock,2018-03-04,2020-07-23,1622,872,2
108,Austria,5,27.96,10,26,2.8,Rock,2021-05-14,2024-01-27,339,988,0
109,USA,5,42.31,11,32,3.85,Classical,2017-06-21,2020-04-21,1715,1035,2
110,Brazil,5,2.9,1,3,2.9,Alternative & Punk,2021-11-24,2022-07-15,900,233,2
111,Canada,4,8.3,5,8,1.66,Alternative & Punk,2020-02-22,2023-01-26,705,1069,1
112,USA,3,50.0,10,37,5.0,Classical,2021-03-11,2024-01-07,359,1032,0
113,Netherlands,5,9.92,3,9,3.31,Rock,2020-10-27,2023-08-24,495,1031,1
114,Hungary,3,27.15,9,26,3.02,Latin,2020-10-17,2022-12-06,756,780,2
115,India,4,28.22,9,27,3.14,Rock,2022-02-19,2024-08-26,127,919,0
116,Germany,4,25.97,8,24,3.25,Latin,2018-04-08,2021-03-29,1373,1086,2
117,USA,3,14.25,7,14,2.04,Metal,2017-12-12,2020-12-08,1484,1092,2
118,USA,4,22.95,7,17,3.28,Classical,2019-10-04,2022-04-14,992,923,2
119,Brazil,3,29.87,8,29,3.73,Metal,2021-12-30,2024-03-09,297,800,0
120,Canada,3,7.5,2,6,3.75,Jazz,2018-12-18,2020-07-23,1622,583,2
121,Germany,4,12.16,6,12,2.03,Latin,2019-12-16,2022-05-27,949,893,2
122,Norway,3,16.99,7,16,2.43,Reggae,2018-08-20,2021-06-23,1287,1038,2
123,Denmark,5,7.87,2,6,3.93,Classical,2020-12-15,2023-11-02,425,1052,1
124,Czech Republic,3,25.17,5,24,5.03,Pop,2018-06-30,2021-03-24,1378,998,2
125,France,4,80.85,15,60,5.39,Classical,2019-11-06,2022-09-24,829,1053,2
126,Finland,3,47.96,11,46,4.36,Metal,2021-05-16,2024-05-05,240,1085,0
127,USA,4,7.38,3,7,2.46,Rock,2022-07-05,2024-05-28,217,693,0
128,Canada,5,1.17,1,1,1.17,Latin,2018-01-21,2020-03-18,1749,787,2
129,France,4,11.94,3,12,3.98,Alternative & Punk,2021-03-21,2023-12-28,369,1012,1
130,USA,4,29.68,7,28,4.24,Rock,2021-06-20,2024-05-15,230,1060,0
131,India,4,22.11,8,21,2.76,Hip Hop/Rap,2021-02-12,2023-10-27,431,987,1
132,USA,4,29.79,6,26,4.96,Blues,2019-03-01,2021-02-27,1403,729,2
133,Belgium,3,13.05,4,13,3.26,Latin,2021-01-04,2023-12-01,396,1061,1
134,Czech Republic,4,3.89,1,4,3.89,Latin,2019-01-15,2021-07-26,1254,923,2
135,USA,3,20.25,8,20,2.53,Rock,2020-06-18,2023-02-11,689,968,1
136,Norway,4,27.51,10,27,2.75,Rock,2017-10-26,2020-09-05,1578,1045,2
137,Portugal,5,1.86,2,2,0.93,Pop,2023-01-09,2024-03-15,291,431,0
138,USA,5,34.28,9,30,3.81,R&B/Soul,2017-05-13,2020-04-20,1716,1073,2
139,Canada,3,45.55,15,45,3.04,Rock,2019-12-08,2022-12-07,755,1095,2
140,India,4,4.96,3,5,1.65,Rock,2021-09-18,2024-05-07,238,962,0
141,Other,4,33.1,6,27,5.52,Jazz,2021-09-28,2024-04-28,247,943,0
142,Germany,3,18.96,8,18,2.37,Latin,2018-08-05,2021-05-24,1317,1023,2
143,USA,4,11.92,5,12,2.38,Rock,2018-11-02,2021-10-24,1164,1087,2
144,Czech Republic,5,21.59,8,21,2.7,Alternative & Punk,2021-08-27,2024-08-04,149,1073,0
145,Brazil,3,14.42,6,14,2.4,Reggae,2020-04-17,2022-08-16,868,851,2
146,Germany,5,49.44,17,43,2.91,Blues,2020-03-28,2023-03-26,646,1093,1
147,Norway,5,4.96,2,4,2.48,Jazz,2022-11-29,2024-08-05,148,615,0
148,Netherlands,4,51.7,17,50,3.04,Rock,2019-05-26,2022-05-03,973,1073,2
149,Denmark,4,24.15,9,23,2.68,Rock,2021-04-01,2023-11-21,406,964,1
150,Canada,4,12.41,6,12,2.07,Reggae,2018-04-26,2021-04-18,1353,1088,2
151,Canada,5,23.04,4,22,5.76,Rock,2019-05-18,2021-07-18,1262,792,2
152,USA,5,16.77,6,13,2.8,Jazz,2017-10-08,2020-10-03,1550,1091,2
153,Canada,3,22.53,8,20,2.82,Blues,2018-09-22,2020-09-26,1557,735,2
154,Chile,5,8.73,5,8,1.75,Latin,2020-03-07,2022-09-30,823,937,2
155,United Kingdom,3,20.21,6,16,3.37,Jazz,2020-01-05,2022-12-02,760,1062,2
156,Brazil,3,2.05,1,2,2.05,Alternative & Punk,2021-03-30,2024-01-19,347,1025,0
157,Italy,3,70.58,18,57,3.92,Jazz,2019-08-28,2022-03-16,1021,931,2
158,Belgium,4,49.13,12,47,4.09,Rock,2021-07-24,2024-03-14,292,964,0
159,Canada,5,41.04,13,39,3.16,Rock,2019-03-03,2021-11-13,1144,986,2
160,Belgium,3,5.76,2,5,2.88,Blues,2019-08-26,2022-06-27,918,1036,2
161,Hungary,4,10.25,5,10,2.05,Rock,2017-11-28,2020-10-20,1533,1057,2
162,Brazil,4,1.94,2,2,0.97,Alternative & Punk,2018-05-18,2020-02-16,1780,639,2
163,Canada,4,33.29,11,32,3.03,Rock,2020-11-18,2023-10-06,452,1052,1
164,Portugal,4,5.3,2,5,2.65,Rock,2021-03-14,2023-11-02,425,963,1
165,France,5,16.93,2,14,8.46,Jazz,2019-04-24,2021-11-07,1150,928,2
166,Canada,5,53.94,19,52,2.84,Latin,2019-08-04,2022-04-26,980,996,2
167,Portugal,3,21.56,8,21,2.7,Metal,2020-10-10,2023-02-11,689,854,1
168,Denmark,5,29.65,8,28,3.71,Rock,2018-10-20,2021-07-05,1275,989,2
169,USA,5,7.15,1,6,7.15,Jazz,2022-07-01,2024-03-14,292,622,0
170,Other,5,36.64,9,27,4.07,Classical,2017-04-26,2020-02-25,1771,1035,2
171,Denmark,4,1.95,2,2,0.98,Rock,2023-08-03,2024-03-27,279,237,0
172,Canada,5,38.61,11,34,3.51,Blues,2018-05-03,2021-04-23,1348,1086,2
173,USA,5,4.11,3,4,1.37,Pop,2023-06-21,2024-09-07,115,444,0
174,United Kingdom,3,9.7,3,7,3.23,Classical,2018-12-21,2020-08-15,1599,603,2
175,India,3,7.1,3,7,2.37,Rock,2022-10-28,2024-05-17,228,567,0
176,Netherlands,3,18.97,7,18,2.71,Alternative & Punk,2020-11-10,2023-08-14,505,1007,1
177,France,3,17.14,4,15,4.28,R&B/Soul,2020-04-29,2023-01-11,720,987,1
178,Germany,5,3.24,2,3,1.62,Hip Hop/Rap,2018-11-20,2021-01-26,1435,798,2
179,USA,5,56.03,13,54,4.31,Alternative & Punk,2018-01-26,2021-01-23,1438,1093,2
180,USA,5,19.76,5,19,3.95,Rock,2020-09-14,2023-06-08,572,997,1
181,United Kingdom,4,17.24,5,15,3.45,Blues,2019-05-18,2022-05-07,969,1085,2
182,Netherlands,4,41.63,10,40,4.16,Rock,2019-01-21,2021-08-06,1243,928,2
183,United Kingdom,3,5.2,2,5,2.6,Alternative & Punk,2021-12-14,2023-03-29,643,470,1
184,Brazil,4,36.33,11,35,3.3,Rock,2021-06-28,2024-02-16,319,963,0
185,Canada,5,18.09,5,16,3.62,Blues,2020-07-19,2023-06-08,572,1054,1
186,Italy,5,28.38,8,27,3.55,Alternative & Punk,2018-05-09,2021-03-05,1397,1031,2
187,United Kingdom,5,34.51,9,33,3.83,Rock,2020-05-18,2023-01-13,718,970,1
188,USA,5,33.92,8,29,4.24,Easy Listening,2018-03-29,2020-09-16,1567,902,2
189,USA,5,16.35,5,16,3.27,Rock,2022-03-20,2024-09-18,104,913,0
190,Finland,3,25.13,8,24,3.14,Latin,2021-08-14,2024-01-06,360,875,0
191,United Kingdom,3,15.62,7,15,2.23,Rock,2020-05-14,2023-02-12,688,1004,1
192,Brazil,3,13.72,4,11,3.43,Jazz,2017-05-25,2020-02-28,1768,1009,2
193,Canada,3,21.23,9,21,2.36,Alternative & Punk,2019-03-17,2021-10-16,1172,944,2
194,Belgium,3,19.89,6,19,3.32,Latin,2017-08-17,2020-07-28,1617,1076,2
195,USA,5,4.14,1,4,4.14,Rock,2019-07-12,2020-10-18,1535,464,2
196,India,3,26.67,8,26,3.33,Rock,2021-06-19,2024-05-05,240,1051,0
197,Chile,5,1.17,1,1,1.17,Rock,2019-06-21,2020-01-09,1818,202,2
198,Netherlands,4,13.74,5,12,2.75,R&B/Soul,2019-08-04,2022-01-20,1076,900,2
199,USA,4,15.98,6,15,2.66,Metal,2019-01-11,2021-08-03,1246,935,2
200,Portugal,5,14.66,6,14,2.44,Hip Hop/Rap,2018-09-06,2020-12-11,1481,827,2
201,Canada,3,5.78,3,5,1.93,Blues,2017-11-24,2020-09-07,1576,1018,2
202,Brazil,3,0.94,1,1,0.94,Rock,2020-04-24,2022-02-22,1043,669,2
203,United Kingdom,3,64.05,18,63,3.56,Rock,2020-10-16,2023-09-15,473,1064,1
204,Norway,3,54.02,20,43,2.7,Jazz,2020-06-21,2023-06-13,567,1087,1
205,Portugal,3,31.34,10,30,3.13,Rock,2017-11-30,2020-08-20,1594,994,2
206,Brazil,5,9.38,3,9,3.13,Rock,2018-07-02,2020-09-07,1576,798,2
207,USA,5,76.67,16,72,4.79,Metal,2017-12-20,2020-08-19,1595,973,2
208,Italy,5,6.1,4,6,1.52,Pop,2020-11-02,2023-06-07,573,947,1
209,Chile,5,38.5,8,37,4.81,Rock,2017-09-17,2020-08-28,1586,1076,2
210,Chile,5,63.75,13,61,4.9,Alternative & Punk,2021-09-17,2024-07-16,168,1033,0
211,Hungary,5,27.47,8,26,3.43,Rock,2021-08-09,2023-10-25,433,807,1
212,France,3,34.96,10,34,3.5,Rock,2018-02-28,2020-11-29,1493,1005,2
213,Netherlands,5,29.15,7,28,4.16,Metal,2019-10-12,2022-05-20,956,951,2
214,France,5,66.84,18,64,3.71,Alternative & Punk,2020-08-24,2023-05-17,594,996,1
215,Czech Republic,3,75.96,16,56,4.75,Classical,2020-09-19,2023-06-27,553,1011,1
216,Canada,4,66.96,13,53,5.15,Jazz,2019-01-20,2022-01-08,1088,1084,2
217,USA,5,14.44,4,14,3.61,Reggae,2020-12-14,2023-04-28,613,865,1
218,Other,5,16.26,3,16,5.42,Metal,2020-09-27,2023-09-24,464,1092,1
219,France,3,3.12,1,3,3.12,Rock,2022-01-24,2022-07-02,913,159,2
220,Brazil,4,2.27,1,2,2.27,Latin,2020-06-24,2023-04-11,630,1021,1
221,Portugal,5,12.46,4,12,3.12,Pop,2019-07-03,2022-05-03,973,1035,2
222,Ireland,4,7.2,3,7,2.4,Rock,2020-04-10,2023-03-16,656,1070,1
223,Germany,4,2.09,1,2,2.09,Rock,2023-05-25,2024-12-25,6,580,0
224,Brazil,4,47.75,13,46,3.67,Rock,2017-07-20,2020-05-18,1688,1033,2
225,USA,4,19.54,4,19,4.88,Metal,2020-07-01,2021-06-10,1300,344,2
226,Germany,5,34.6,6,33,5.77,Rock,2021-05-22,2024-03-20,286,1033,0
227,Germany,4,5.32,1,4,5.32,Classical,2020-10-11,2021-12-20,1107,435,2
228,Germany,4,36.39,12,35,3.03,Rock,2021-02-01,2023-12-01,396,1033,1
229,India,5,8.31,1,7,8.31,Blues,2021-12-21,2023-12-23,374,732,1
230,USA,5,5.94,4,6,1.48,Metal,2021-09-28,2023-12-18,379,811,1
231,Portugal,3,9.48,3,9,3.16,Alternative & Punk,2019-08-25,2020-05-13,1693,262,2
232,Brazil,5,8.68,2,8,4.34,Rock,2022-05-29,2024-12-13,18,929,0
233,Portugal,4,33.51,12,33,2.79,Latin,2019-12-01,2022-11-25,767,1090,2
234,Canada,3,34.99,9,31,3.89,R&B/Soul,2021-11-28,2024-05-21,224,905,0
235,Austria,4,35.45,8,34,4.43,Rock,2020-05-27,2023-04-12,629,1050,1
236,Brazil,4,25.73,8,23,3.22,Blues,2022-04-14,2024-07-11,173,819,0
237,Canada,4,25.99,9,25,2.89,Rock,2018-05-23,2021-05-06,1335,1079,2
238,India,5,31.28,11,31,2.84,Alternative & Punk,2019-02-25,2022-02-05,1060,1076,2
239,Finland,5,9.8,3,10,3.27,Rock,2021-04-29,2022-11-16,776,566,2
240,Czech Republic,5,17.22,5,15,3.44,Easy Listening,2022-03-17,2024-02-24,311,709,0
241,India,4,48.59,12,39,4.05,Jazz,2019-05-22,2021-11-28,1129,921,2
242,France,4,19.67,5,19,3.93,Rock,2020-10-04,2023-09-12,476,1073,1
243,Brazil,4,26.65,8,21,3.33,Jazz,2018-03-09,2021-02-17,1413,1076,2
244,France,3,14.98,2,14,7.49,Pop,2023-06-07,2024-12-18,13,560,0
245,France,3,9.35,5,9,1.87,Rock,2020-03-31,2022-11-02,790,946,2
246,Brazil,5,6.02,4,6,1.5,Rock,2021-01-16,2023-09-07,481,964,1
247,Brazil,3,50.33,18,49,2.8,Latin,2020-10-12,2023-10-07,451,1090,1
248,USA,5,9.53,4,9,2.38,Rock,2021-09-23,2023-11-27,400,795,1
249,United Kingdom,5,57.51,18,55,3.2,Rock,2021-02-26,2023-12-14,383,1021,1
250,Brazil,5,13.54,3,13,4.51,Latin,2021-06-02,2024-02-14,321,987,0
251,USA,4,40.74,17,39,2.4,Rock,2018-04-16,2021-02-04,1426,1025,2
252,USA,5,29.15,10,28,2.92,Latin,2018-09-15,2021-09-10,1208,1091,2
253,United Kingdom,3,32.07,12,28,2.67,R&B/Soul,2017-09-23,2020-06-12,1663,993,2
254,France,3,60.31,14,44,4.31,Classical,2017-03-03,2020-02-22,1774,1086,2
255,Czech Republic,5,15.2,4,12,3.8,Jazz,2017-09-11,2020-09-09,1574,1094,2
256,Chile,3,0.92,1,1,0.92,Latin,2019-10-20,2021-04-02,1369,530,2
257,USA,5,12.67,5,12,2.53,Rock,2021-04-04,2023-04-27,614,753,1
258,Germany,4,26.34,7,25,3.76,Rock,2017-04-01,2020-01-19,1808,1023,2
259,Belgium,5,16.27,6,14,2.71,R&B/Soul,2019-10-30,2022-03-13,1024,865,2
260,Denmark,4,15.13,6,12,2.52,Jazz,2020-12-18,2023-09-02,486,988,1
261,USA,4,1.17,1,1,1.17,Rock,2021-08-26,2022-08-28,856,367,2
262,USA,4,35.22,13,34,2.71,Metal,2020-08-03,2023-04-30,611,1000,1
263,Germany,5,15.55,4,13,3.89,Jazz,2019-07-15,2020-09-11,1572,424,2
264,USA,5,2.07,2,2,1.03,Hip Hop/Rap,2018-04-26,2020-01-01,1826,615,2
265,Finland,5,30.92,9,30,3.44,Rock,2019-07-26,2022-06-30,915,1070,2
266,USA,4,21.71,9,19,2.41,Easy Listening,2019-02-23,2022-02-15,1050,1088,2
267,Germany,4,2.1,1,2,2.1,Rock,2022-11-08,2023-05-29,582,202,1
268,Italy,4,47.06,12,44,3.92,Latin,2021-07-16,2024-07-08,176,1088,0
269,Czech Republic,5,8.81,2,7,4.4,Jazz,2018-12-22,2021-12-07,1120,1081,2
270,USA,3,6.38,3,6,2.13,Latin,2020-07-06,2022-11-18,774,865,2
271,Ireland,4,18.02,6,16,3.0,R&B/Soul,2018-12-20,2021-09-04,1214,989,2
272,Canada,4,18.16,8,18,2.27,Rock,2018-02-21,2021-02-08,1422,1083,2
273,USA,5,53.84,19,52,2.83,Latin,2019-01-17,2021-11-09,1148,1027,2
274,Canada,3,35.09,12,34,2.92,Rock,2017-04-01,2020-01-02,1825,1006,2
275,Czech Republic,5,23.13,6,22,3.86,Reggae,2019-03-30,2021-12-12,1115,988,2
276,USA,3,4.26,3,4,1.42,Rock,2020-06-11,2023-04-27,614,1050,1
277,Canada,3,36.85,13,35,2.83,Rock,2017-12-20,2020-12-16,1476,1092,2
278,India,3,12.4,2,12,6.2,Rock,2021-08-29,2024-02-03,332,888,0
279,Norway,3,1.11,1,1,1.11,Jazz,2019-08-03,2020-05-22,1684,293,2
280,Canada,4,24.45,8,24,3.06,Reggae,2017-08-11,2020-07-24,1621,1078,2
281,United Kingdom,3,66.85,19,64,3.52,Rock,2017-09-16,2020-07-29,1616,1047,2
282,USA,3,3.88,1,4,3.88,Latin,2024-09-03,2024-10-08,84,35,0
283,Netherlands,3,20.0,4,20,5.0,Latin,2019-01-27,2021-08-26,1223,942,2
284,France,4,11.35,4,10,2.84,Blues,2021-03-18,2024-03-02,304,1080,0
285,USA,5,5.53,2,4,2.76,Classical,2022-05-13,2024-11-28,33,930,0
286,USA,5,20.7,6,20,3.45,Hip Hop/Rap,2019-11-15,2022-02-12,1053,820,2
287,USA,4,20.6,6,20,3.43,Alternative & Punk,2019-07-18,2021-01-19,1442,551,2
288,Germany,5,51.16,8,49,6.4,Latin,2022-04-11,2024-11-14,47,948,0
289,USA,4,21.46,7,19,3.07,R&B/Soul,2019-06-03,2022-04-17,989,1049,2
290,Brazil,4,17.55,3,17,5.85,Alternative & Punk,2019-08-08,2020-08-11,1603,369,2
291,Germany,4,3.09,1,3,3.09,Latin,2022-01-07,2024-06-05,209,880,0
292,USA,4,27.3,6,24,4.55,Blues,2019-12-24,2021-07-06,1274,560,2
293,Germany,5,3.34,1,3,3.34,Rock,2022-06-07,2023-03-30,642,296,1
294,India,4,34.6,7,30,4.94,Blues,2017-04-13,2020-01-30,1797,1022,2
295,France,4,1.03,1,1,1.03,Hip Hop/Rap,2019-08-26,2020-08-20,1594,360,2
296,France,3,45.82,10,44,4.58,Metal,2020-08-04,2023-01-16,715,895,1
297,Canada,3,34.39,10,33,3.44,Hip Hop/Rap,2020-07-22,2023-06-16,564,1059,1
298,Belgium,4,9.12,5,9,1.82,Alternative & Punk,2017-11-21,2020-06-18,1657,940,2
299,USA,4,13.3,3,10,4.43,Classical,2017-09-07,2020-05-30,1676,996,2
300,USA,4,19.29,5,19,3.86,Hip Hop/Rap,2019-10-16,2022-09-18,835,1068,2
301,Brazil,4,8.68,6,8,1.45,Metal,2018-11-18,2021-01-30,1431,804,2
302,India,5,27.94,6,21,4.66,Classical,2018-03-13,2020-08-08,1606,879,2
303,Czech Republic,5,9.46,1,9,9.46,Rock,2022-08-28,2024-06-16,198,658,0
304,Ireland,5,6.73,3,7,2.24,Rock,2019-12-04,2022-05-13,963,891,2
305,Germany,3,20.18,2,20,10.09,Alternative & Punk,2021-08-20,2023-03-26,646,583,1
306,Brazil,4,11.55,4,11,2.89,Rock,2021-02-20,2023-11-27,400,1010,1
307,Norway,5,10.51,3,8,3.5,Classical,2018-07-29,2020-01-11,1816,531,2
308,USA,3,22.59,5,22,4.52,Latin,2018-11-12,2021-10-15,1173,1068,2
309,USA,5,16.21,7,16,2.32,Rock,2021-04-24,2024-04-08,267,1080,0
310,USA,4,29.13,6,29,4.85,Rock,2018-01-27,2021-01-18,1443,1087,2
311,United Kingdom,4,24.28,4,20,6.07,Jazz,2019-06-05,2022-03-15,1022,1014,2
312,Canada,4,34.85,11,33,3.17,Rock,2022-03-15,2024-12-09,22,1000,0
313,Canada,4,26.44,7,23,3.78,Blues,2019-07-01,2022-01-06,1090,920,2
314,Brazil,5,15.15,2,15,7.57,Rock,2022-01-09,2023-09-22,466,621,1
315,Brazil,5,32.5,8,31,4.06,Pop,2018-06-13,2020-11-13,1509,884,2
316,Canada,4,6.34,2,6,3.17,Latin,2019-10-10,2022-05-11,965,944,2
317,Canada,5,7.34,3,7,2.45,Rock,2020-06-13,2022-02-03,1062,600,2
318,USA,5,11.8,1,11,11.8,Rock,2018-09-25,2020-08-07,1607,682,2
319,Germany,3,20.19,5,20,4.04,Hip Hop/Rap,2018-07-14,2021-04-02,1369,993,2
320,United Kingdom,3,11.61,4,11,2.9,Rock,2022-03-21,2023-07-26,524,492,1
321,USA,4,10.52,4,10,2.63,Latin,2018-04-08,2020-10-30,1523,936,2
322,Czech Republic,3,8.19,3,8,2.73,Rock,2019-03-09,2022-01-02,1094,1030,2
323,Czech Republic,4,9.25,4,8,2.31,Blues,2021-09-09,2024-05-26,219,990,0
324,Canada,4,45.07,13,44,3.47,Pop,2020-06-24,2023-04-12,629,1022,1
325,USA,5,18.36,4,14,4.59,Classical,2019-07-08,2021-12-22,1105,898,2
326,Czech Republic,3,21.01,5,20,4.2,Rock,2018-08-14,2021-08-12,1237,1094,2
327,Austria,5,28.19,7,27,4.03,Metal,2021-04-04,2023-12-10,387,980,1
328,France,4,38.91,10,38,3.89,Rock,2018-01-04,2020-04-28,1708,845,2
329,USA,3,1.1,1,1,1.1,Latin,2018-11-19,2020-03-14,1753,481,2
330,United Kingdom,3,26.98,6,26,4.5,Latin,2017-04-28,2020-02-13,1783,1021,2
331,France,5,15.99,7,13,2.28,Jazz,2021-03-21,2024-03-20,286,1095,0
332,Germany,4,41.12,12,40,3.43,Rock,2017-08-16,2020-03-20,1747,947,2
333,USA,3,34.46,9,33,3.83,Rock,2019-06-09,2021-10-29,1159,873,2
334,Denmark,3,31.88,6,30,5.31,Metal,2020-06-18,2023-05-28,583,1074,1
335,Canada,4,2.25,1,2,2.25,Rock,2019-07-13,2022-05-12,964,1034,2
336,United Kingdom,3,22.26,9,20,2.47,Blues,2022-04-12,2024-11-29,32,962,0
337,Netherlands,4,75.32,15,73,5.02,Pop,2020-09-05,2023-07-15,535,1043,1
338,USA,3,57.73,20,46,2.89,Jazz,2019-07-05,2022-06-06,939,1067,2
339,Canada,4,32.34,10,31,3.23,Rock,2017-11-11,2020-05-04,1702,905,2
340,Netherlands,3,74.69,20,73,3.73,Rock,2020-02-24,2023-02-06,694,1078,1
341,Germany,5,29.8,5,29,5.96,Rock,2018-06-09,2021-04-27,1344,1053,2
342,Austria,4,21.4,9,21,2.38,Pop,2019-12-22,2022-11-29,763,1073,2
343,Germany,5,26.19,9,25,2.91,Rock,2022-01-15,2024-04-19,256,825,0
344,France,4,28.03,8,22,3.5,Jazz,2018-11-22,2021-09-11,1207,1024,2
345,USA,3,32.16,10,31,3.22,Metal,2019-03-13,2022-02-22,1043,1077,2
346,Denmark,4,11.63,6,11,1.94,Rock,2021-10-24,2023-07-29,521,643,1
347,Portugal,3,37.47,6,36,6.24,Rock,2021-10-24,2024-08-16,137,1027,0
348,Canada,4,64.54,20,62,3.23,Metal,2018-05-02,2021-04-07,1364,1071,2
349,Brazil,5,20.23,3,20,6.74,Pop,2022-05-07,2024-03-19,287,682,0
350,USA,5,7.46,2,7,3.73,Rock,2021-08-22,2023-11-07,420,807,1
351,India,4,31.24,9,30,3.47,Rock,2018-08-05,2021-08-02,1247,1093,2
352,USA,5,27.0,9,26,3.0,Rock,2020-02-13,2022-11-04,788,995,2
353,Brazil,5,7.1,4,7,1.78,Latin,2021-06-18,2023-11-06,421,871,1
354,Canada,3,8.3,5,8,1.66,Rock,2019-01-09,2022-01-01,1095,1088,2
355,Canada,5,6.47,2,5,3.24,Classical,2021-08-31,2024-08-07,146,1072,0
356,Norway,5,56.74,17,55,3.34,Rock,2021-03-09,2024-01-25,341,1052,0
357,United Kingdom,4,46.15,10,44,4.62,Rock,2020-05-31,2023-03-02,670,1005,1
358,Germany,3,11.56,3,10,3.85,Blues,2019-03-06,2021-10-27,1161,966,2
359,Czech Republic,4,30.24,13,29,2.33,Rock,2021-05-30,2023-12-30,367,944,1
360,India,5,20.37,10,20,2.04,Latin,2020-05-26,2022-11-13,779,901,2
361,USA,5,9.24,4,9,2.31,Reggae,2020-04-24,2022-01-12,1084,628,2
362,USA,4,7.61,2,7,3.8,Rock,2019-05-18,2020-10-30,1523,531,2
363,United Kingdom,5,35.31,11,34,3.21,Alternative & Punk,2018-10-26,2021-10-05,1183,1075,2
364,Italy,3,52.32,11,46,4.76,R&B/Soul,2020-12-08,2023-11-13,414,1070,1
365,Brazil,3,4.16,2,4,2.08,Rock,2021-11-04,2024-04-06,269,884,0
366,Norway,3,76.93,16,74,4.81,Rock,2021-04-21,2024-04-11,264,1086,0
367,Canada,5,77.42,14,74,5.53,Alternative & Punk,2018-06-26,2021-06-17,1293,1087,2
368,USA,4,19.98,2,19,9.99,Rock,2018-07-21,2020-05-21,1685,670,2
369,USA,5,47.99,16,42,3.0,Blues,2021-09-03,2024-07-26,158,1057,0
370,Norway,3,0.9,1,1,0.9,Rock,2023-07-02,2024-05-29,216,332,0
371,USA,4,31.22,8,30,3.9,Latin,2022-01-30,2024-09-19,103,963,0
372,Germany,5,20.25,9,19,2.25,Rock,2018-06-18,2020-09-22,1561,827,2
373,Other,5,5.02,1,5,5.02,Rock,2018-11-09,2020-03-10,1757,487,2
374,United Kingdom,5,24.2,8,18,3.03,Classical,2019-05-23,2022-04-10,996,1053,2
375,USA,4,38.6,10,37,3.86,Metal,2017-11-04,2020-09-15,1568,1046,2
376,Czech Republic,3,25.29,7,20,3.61,Jazz,2021-06-02,2024-02-11,324,984,0
377,USA,4,15.01,5,14,3.0,Rock,2020-04-19,2022-12-09,753,964,2
378,USA,4,35.02,9,28,3.89,Jazz,2021-04-28,2024-04-02,273,1070,0
379,Germany,3,23.97,6,18,3.99,Classical,2020-11-11,2023-03-24,648,863,1
380,USA,4,42.12,13,41,3.24,Latin,2019-06-11,2022-01-04,1092,938,2
381,Canada,3,7.78,1,7,7.78,Latin,2021-07-30,2022-02-27,1038,212,2
382,Canada,3,11.83,2,9,5.91,Classical,2021-07-16,2023-01-27,704,560,1
383,Chile,4,23.9,3,20,7.97,R&B/Soul,2022-03-29,2024-09-12,110,898,0
384,Canada,3,53.59,18,51,2.98,Metal,2017-09-11,2020-07-16,1629,1039,2
385,France,3,38.57,11,32,3.51,Jazz,2021-12-13,2024-10-01,91,1023,0
386,France,3,58.82,12,51,4.9,R&B/Soul,2019-12-10,2022-11-05,787,1061,2
387,Brazil,3,5.13,1,5,5.13,Rock,2020-09-30,2021-09-20,1198,355,2
388,USA,3,26.11,8,25,3.26,Hip Hop/Rap,2021-09-06,2024-08-14,139,1073,0
389,Portugal,4,3.04,3,3,1.01,Reggae,2022-01-29,2023-10-25,433,634,1
390,France,3,22.66,5,20,4.53,R&B/Soul,2021-11-04,2024-07-30,154,999,0
391,Norway,3,18.39,5,18,3.68,Reggae,2020-03-16,2023-02-10,690,1061,1
392,Germany,4,3.11,1,3,3.11,Pop,2023-06-01,2024-10-26,66,513,0
393,United Kingdom,3,6.06,1,6,6.06,Latin,2018-10-20,2021-08-20,1229,1035,2
394,USA,5,5.15,3,5,1.72,Rock,2019-11-01,2021-08-12,1237,650,2
395,USA,4,29.59,8,28,3.7,Pop,2018-01-16,2020-03-19,1748,793,2
396,Hungary,3,36.83,7,35,5.26,Latin,2019-11-05,2022-06-03,942,941,2
397,Hungary,5,10.59,5,10,2.12,Alternative & Punk,2019-12-09,2022-06-03,942,907,2
398,Canada,4,23.88,6,21,3.98,Blues,2018-10-19,2021-10-09,1179,1086,2
399,France,5,24.21,9,23,2.69,Metal,2019-09-01,2022-04-19,987,961,2
400,Austria,5,31.03,10,25,3.1,Jazz,2019-01-09,2021-10-18,1170,1013,2
401,Portugal,4,20.92,6,20,3.49,Rock,2019-01-04,2021-11-18,1139,1049,2
402,Ireland,3,25.43,10,24,2.54,Rock,2021-07-19,2024-02-17,318,943,0
403,Canada,5,14.52,5,13,2.9,R&B/Soul,2019-04-05,2021-01-22,1439,658,2
404,Portugal,3,73.11,20,70,3.66,Rock,2017-07-24,2020-05-12,1694,1023,2
405,Brazil,4,25.63,10,24,2.56,Rock,2019-09-02,2022-05-04,972,975,2
406,India,4,34.72,7,28,4.96,Jazz,2022-02-05,2024-10-02,90,970,0
407,Brazil,3,46.73,17,45,2.75,Reggae,2019-12-13,2022-07-03,912,933,2
408,USA,3,21.02,7,19,3.0,R&B/Soul,2019-11-17,2022-09-07,846,1025,2
409,France,3,11.67,4,11,2.92,Rock,2020-08-27,2023-07-09,541,1046,1
410,Portugal,3,5.91,3,5,1.97,Blues,2018-11-12,2021-01-13,1448,793,2
411,India,5,38.11,10,28,3.81,Classical,2018-05-03,2021-03-14,1388,1046,2
412,USA,4,7.31,3,7,2.44,Rock,2022-01-26,2024-02-28,307,763,0
413,Hungary,3,30.76,6,23,5.13,Classical,2018-01-02,2020-09-03,1580,975,2
414,USA,5,17.11,2,16,8.56,Rock,2020-03-17,2021-07-10,1270,480,2
415,France,5,4.14,1,4,4.14,Reggae,2022-04-10,2023-02-02,698,298,1
416,France,4,38.01,13,32,2.92,Easy Listening,2018-01-21,2020-10-29,1524,1012,2
417,USA,4,9.33,2,9,4.66,Latin,2022-08-04,2023-11-09,418,462,1
418,USA,4,22.04,9,22,2.45,Rock,2019-01-30,2021-05-10,1331,831,2
419,Czech Republic,4,77.03,20,68,3.85,R&B/Soul,2021-06-21,2024-03-21,285,1004,0
420,Netherlands,3,22.55,6,22,3.76,Reggae,2018-03-06,2020-09-04,1579,913,2
421,Canada,3,1.99,1,2,1.99,Metal,2018-05-25,2021-01-21,1440,972,2
422,USA,5,20.71,4,20,5.18,Metal,2020-03-05,2023-01-13,718,1044,1
423,Denmark,3,19.81,11,19,1.8,Rock,2019-10-07,2022-09-08,845,1067,2
424,Portugal,5,9.99,3,10,3.33,Pop,2020-09-23,2023-05-12,599,961,1
425,Canada,3,27.29,9,26,3.03,Reggae,2020-04-09,2023-03-05,667,1060,1
426,Italy,4,28.09,11,27,2.55,Latin,2018-01-17,2020-10-26,1527,1013,2
427,USA,5,38.62,10,37,3.86,Rock,2021-08-16,2024-01-13,353,880,0
428,USA,4,80.71,11,65,7.34,Jazz,2021-06-28,2024-06-05,209,1073,0
429,Finland,3,45.09,14,43,3.22,Rock,2020-05-21,2023-05-19,592,1093,1
430,USA,4,21.78,5,21,4.36,Rock,2022-05-30,2024-09-20,102,844,0
431,USA,3,12.63,5,12,2.53,Pop,2018-09-20,2020-10-25,1528,766,2
432,USA,3,14.68,5,14,2.94,Pop,2018-07-20,2020-01-23,1804,552,2
433,Brazil,5,38.06,7,31,5.44,Jazz,2021-04-01,2024-02-01,334,1036,0
434,France,4,22.09,10,21,2.21,Latin,2020-04-13,2023-03-27,645,1078,1
435,Germany,3,24.38,7,24,3.48,Rock,2018-03-19,2020-11-28,1494,985,2
436,USA,5,48.89,9,47,5.43,Hip Hop/Rap,2020-12-28,2023-08-20,499,965,1
437,Czech Republic,3,46.27,13,44,3.56,Rock,2020-08-05,2023-04-18,623,986,1
438,USA,4,20.31,7,19,2.9,Latin,2021-09-04,2024-06-26,188,1026,0
439,Canada,5,14.47,3,14,4.82,Latin,2021-10-12,2024-06-09,205,971,0
440,Brazil,4,6.05,1,6,6.05,Rock,2019-02-11,2021-05-04,1337,813,2
441,Italy,5,1.12,1,1,1.12,Rock,2022-09-27,2024-06-15,199,627,0
442,Portugal,5,5.14,1,5,5.14,Metal,2018-03-16,2021-03-13,1389,1093,2
443,Germany,5,51.51,17,49,3.03,Rock,2020-12-27,2023-09-05,483,982,1
444,USA,4,20.13,2,19,10.06,Metal,2020-02-15,2021-03-10,1392,389,2
445,France,5,7.19,2,7,3.6,Rock,2022-12-06,2024-09-11,111,645,0
446,Brazil,5,19.76,7,18,2.82,Easy Listening,2021-11-19,2024-04-08,267,871,0
447,Canada,3,12.23,6,10,2.04,Jazz,2020-11-29,2022-12-11,751,742,2
448,USA,5,14.79,3,12,4.93,Jazz,2023-03-19,2024-11-17,44,609,0
449,Brazil,4,49.57,15,48,3.3,Latin,2019-06-03,2022-04-11,995,1043,2
450,Canada,3,6.36,1,6,6.36,Latin,2023-05-16,2024-01-23,343,252,0
451,USA,3,10.58,3,10,3.53,Alternative & Punk,2020-03-15,2022-03-08,1029,723,2
452,USA,4,37.69,11,36,3.43,Rock,2017-10-27,2020-10-15,1538,1084,2
453,USA,5,11.47,6,11,1.91,Metal,2017-08-31,2020-01-07,1820,859,2
454,Germany,4,31.5,10,30,3.15,Rock,2020-07-08,2023-07-03,547,1090,1
455,Canada,5,46.52,14,46,3.32,Alternative & Punk,2020-09-14,2023-07-12,538,1031,1
456,Canada,5,27.28,4,26,6.82,Metal,2021-12-24,2024-12-15,16,1087,0
457,France,5,15.15,5,15,3.03,Alternative & Punk,2021-03-26,2024-02-19,316,1060,0
458,Denmark,3,39.23,11,38,3.57,Rock,2021-01-06,2023-12-02,395,1060,1
459,India,4,4.91,3,5,1.64,Rock,2020-09-06,2022-10-23,800,777,2
460,Portugal,4,43.46,11,41,3.95,Reggae,2018-12-19,2021-12-08,1119,1085,2
461,Hungary,3,14.1,4,14,3.53,Rock,2019-02-27,2022-02-13,1052,1082,2
462,Czech Republic,5,3.07,3,3,1.02,Latin,2021-10-10,2024-09-26,96,1082,0
463,Brazil,4,63.34,16,61,3.96,Rock,2019-05-18,2021-08-20,1229,825,2
464,Chile,3,67.67,16,60,4.23,Easy Listening,2019-08-25,2022-08-03,881,1074,2
465,Belgium,3,5.34,3,5,1.78,Rock,2018-03-02,2021-01-30,1431,1065,2
466,France,3,7.26,3,6,2.42,Jazz,2020-08-09,2021-10-18,1170,435,2
467,France,5,8.56,6,8,1.43,Rock,2021-10-23,2024-10-01,91,1074,0
468,Canada,5,46.02,15,44,3.07,Rock,2020-02-14,2023-01-31,700,1082,1
469,USA,3,17.01,5,15,3.4,Blues,2019-03-29,2021-08-25,1224,880,2
470,Canada,4,24.64,8,20,3.08,Jazz,2020-09-23,2023-08-24,495,1065,1
471,USA,4,3.11,2,3,1.56,Metal,2019-06-27,2020-07-20,1625,389,2
472,Netherlands,3,65.39,17,63,3.85,Rock,2021-06-23,2024-05-10,235,1052,0
473,USA,3,13.0,4,13,3.25,Latin,2018-09-27,2020-09-28,1555,732,2
474,India,5,21.58,4,21,5.4,Rock,2020-12-22,2023-10-03,455,1015,1
475,Portugal,4,3.78,1,3,3.78,Classical,2019-08-23,2022-08-21,863,1094,2
476,Austria,3,23.87,6,19,3.98,Jazz,2018-04-17,2021-01-17,1444,1006,2
477,Canada,3,55.16,17,52,3.24,Rock,2020-04-21,2023-03-18,654,1061,1
478,Germany,5,27.47,8,24,3.43,R&B/Soul,2020-01-10,2022-11-14,778,1039,2
479,Brazil,3,6.16,2,5,3.08,Jazz,2022-11-25,2024-09-10,112,655,0
480,Canada,4,13.83,4,13,3.46,Metal,2021-07-16,2023-08-10,509,755,1
481,USA,4,27.98,7,24,4.0,Blues,2018-07-27,2021-07-03,1277,1072,2
482,Italy,4,4.25,1,4,4.25,Rock,2021-03-29,2022-03-07,1030,343,2
483,Portugal,5,11.58,5,11,2.32,Rock,2021-07-21,2024-05-19,226,1033,0
484,Belgium,4,12.24,6,12,2.04,Rock,2018-05-21,2021-04-04,1367,1049,2
485,Canada,4,9.51,3,9,3.17,Rock,2018-10-07,2020-08-08,1606,671,2
486,France,3,16.01,7,14,2.29,R&B/Soul,2018-02-08,2020-02-02,1794,724,2
487,Germany,4,30.87,12,27,2.57,Blues,2018-01-27,2020-11-29,1493,1037,2
488,Canada,5,9.45,3,9,3.15,Alternative & Punk,2022-04-21,2023-08-18,501,484,1
489,USA,5,46.82,12,44,3.9,Rock,2019-06-12,2022-05-21,955,1074,2
490,Portugal,3,16.09,6,15,2.68,Rock,2019-04-09,2021-12-17,1110,983,2
491,USA,3,1.97,1,2,1.97,Latin,2020-12-27,2023-08-14,505,960,1
492,USA,5,26.28,12,25,2.19,Latin,2021-09-09,2024-01-31,335,874,0
493,Germany,4,42.08,13,40,3.24,Rock,2020-06-11,2023-03-28,644,1020,1
494,France,3,20.69,6,20,3.45,Rock,2018-12-16,2021-02-17,1413,794,2
495,Brazil,5,21.92,5,21,4.38,Alternative & Punk,2020-07-15,2022-11-13,779,851,2
496,France,3,28.09,6,27,4.68,Rock,2017-04-08,2020-03-26,1741,1083,2
497,Other,4,20.22,8,20,2.53,Rock,2019-12-22,2022-02-08,1057,779,2
498,Italy,3,49.49,16,48,3.09,Reggae,2017-05-15,2020-02-22,1774,1013,2
499,Netherlands,5,15.91,4,12,3.98,Classical,2018-10-08,2021-04-15,1356,920,2
500,Other,4,1.24,1,1,1.24,Jazz,2019-05-18,2020-06-21,1654,400,2
501,France,3,14.57,3,14,4.86,Rock,2020-09-23,2022-08-04,880,680,2
502,Portugal,5,3.05,1,3,3.05,Latin,2020-12-26,2022-05-29,947,519,2
503,Canada,3,49.3,10,43,4.93,Easy Listening,2020-12-09,2023-05-28,583,900,1
504,France,4,20.07,8,19,2.51,Alternative & Punk,2020-12-26,2023-08-01,518,948,1
505,Germany,5,37.18,11,35,3.38,Rock,2019-08-12,2022-07-02,913,1055,2
506,USA,4,7.31,3,7,2.44,Metal,2018-06-17,2021-06-16,1294,1095,2
507,Other,4,13.97,4,14,3.49,Hip Hop/Rap,2021-06-27,2022-06-15,930,353,2
508,Finland,5,63.16,20,51,3.16,Jazz,2018-09-08,2021-07-07,1273,1033,2
509,Other,3,48.87,15,48,3.26,Latin,2021-04-07,2024-03-21,285,1079,0
510,Brazil,3,15.19,4,13,3.8,Easy Listening,2022-07-01,2024-09-15,107,807,0
511,Finland,4,7.05,2,7,3.52,Rock,2021-07-16,2023-04-19,622,642,1
512,Belgium,3,20.2,10,18,2.02,Easy Listening,2021-04-01,2023-11-28,399,971,1
513,USA,5,6.73,3,6,2.24,Metal,2019-10-05,2021-05-27,1314,600,2
514,United Kingdom,4,39.54,13,38,3.04,Latin,2017-07-14,2020-04-12,1724,1003,2
515,United Kingdom,3,61.9,15,59,4.13,Latin,2017-06-14,2020-06-10,1665,1092,2
516,USA,5,13.29,6,13,2.22,Rock,2019-10-03,2022-07-05,910,1006,2
517,Czech Republic,3,25.56,12,25,2.13,Alternative & Punk,2021-09-02,2024-06-28,186,1030,0
518,Brazil,4,9.39,2,7,4.7,Classical,2021-03-12,2023-11-10,417,973,1
519,Austria,3,37.05,7,30,5.29,Jazz,2020-09-26,2023-08-11,508,1049,1
520,USA,5,18.39,9,18,2.04,Rock,2021-08-22,2024-06-10,204,1023,0
521,United Kingdom,5,17.32,4,14,4.33,Jazz,2021-10-20,2024-06-30,184,984,0
522,Belgium,5,49.06,13,47,3.77,Rock,2021-01-12,2023-08-06,513,936,1
523,USA,4,11.42,5,11,2.28,Rock,2020-02-29,2023-02-16,684,1083,1
524,USA,3,33.8,12,33,2.82,Pop,2019-06-29,2022-06-02,943,1069,2
525,Netherlands,5,34.31,6,33,5.72,Rock,2019-03-21,2021-12-10,1117,995,2
526,Portugal,3,37.18,9,30,4.13,Jazz,2017-10-21,2020-07-03,1642,986,2
527,Finland,5,9.34,4,7,2.34,Classical,2017-08-29,2020-06-26,1649,1032,2
528,Ireland,5,1.18,1,1,1.18,Rock,2019-11-17,2021-06-10,1300,571,2
529,India,5,26.85,5,26,5.37,Latin,2017-08-10,2020-06-29,1646,1054,2
530,Germany,4,26.5,9,25,2.94,Rock,2019-09-10,2022-07-06,909,1030,2
531,Canada,5,21.1,7,20,3.01,Rock,2022-03-11,2023-12-04,393,633,1
532,Portugal,3,52.1,13,46,4.01,Easy Listening,2021-04-14,2023-09-27,461,896,1
533,Canada,3,45.48,9,44,5.05,Alternative & Punk,2019-02-23,2021-03-29,1373,765,2
534,USA,5,13.55,3,13,4.52,Rock,2020-05-19,2021-06-05,1305,382,2
535,USA,5,19.19,7,18,2.74,Rock,2021-06-04,2024-04-14,261,1045,0
536,Germany,4,2.08,2,2,1.04,Alternative & Punk,2019-07-14,2021-09-30,1188,809,2
537,Canada,3,13.84,4,11,3.46,Jazz,2021-11-26,2024-06-20,194,937,0
538,Canada,3,3.42,2,3,1.71,Blues,2018-08-06,2021-01-05,1456,883,2
539,Germany,3,41.91,11,33,3.81,Jazz,2019-01-14,2021-12-23,1104,1074,2
540,Other,5,67.08,18,63,3.73,Rock,2021-07-01,2024-03-24,282,997,0
541,USA,3,11.35,4,11,2.84,Pop,2019-04-23,2021-06-23,1287,792,2
542,France,4,10.27,3,10,3.42,Hip Hop/Rap,2020-06-08,2022-08-01,883,784,2
543,United Kingdom,4,24.28,7,23,3.47,Latin,2019-11-10,2022-03-12,1025,853,2
544,USA,5,33.71,13,29,2.59,Blues,2021-07-27,2023-11-08,419,834,1
545,France,5,31.93,12,26,2.66,Jazz,2021-08-27,2024-06-21,193,1029,0
546,USA,4,18.02,6,16,3.0,R&B/Soul,2018-08-10,2020-10-06,1547,788,2
547,France,4,15.73,4,15,3.93,Alternative & Punk,2018-04-10,2021-04-07,1364,1093,2
548,United Kingdom,3,52.99,16,47,3.31,Blues,2019-06-18,2022-06-05,940,1083,2
549,Canada,5,14.99,6,12,2.5,Jazz,2021-08-19,2024-05-07,238,992,0
550,Portugal,5,12.25,5,12,2.45,Rock,2020-09-22,2023-05-20,591,970,1
551,Germany,5,14.56,4,14,3.64,Latin,2018-03-20,2021-01-18,1443,1035,2
552,Chile,4,20.14,5,16,4.03,Jazz,2020-09-28,2023-09-26,462,1093,1
553,Canada,5,16.09,5,14,3.22,Easy Listening,2020-11-26,2023-03-05,667,829,1
554,USA,4,6.22,2,6,3.11,Rock,2021-01-28,2023-11-01,426,1007,1
555,Belgium,4,62.65,17,61,3.69,Alternative & Punk,2017-12-25,2020-10-31,1522,1041,2
556,Portugal,5,5.58,2,5,2.79,Hip Hop/Rap,2020-10-27,2023-06-27,553,973,1
557,Finland,4,15.47,4,13,3.87,Jazz,2018-12-30,2021-02-19,1411,782,2
558,Austria,4,10.21,5,10,2.04,Rock,2020-06-20,2023-02-27,673,982,1
559,Netherlands,3,11.95,3,12,3.98,Reggae,2020-03-11,2022-05-09,967,789,2
560,France,4,57.58,12,55,4.8,Rock,2019-11-11,2022-06-22,923,954,2
561,Portugal,5,33.93,10,33,3.39,Metal,2020-10-08,2023-04-08,633,912,1
562,Brazil,3,25.29,9,25,2.81,Alternative & Punk,2019-03-19,2021-11-08,1149,965,2
563,France,5,20.22,6,18,3.37,Blues,2022-04-09,2024-06-28,186,811,0
564,USA,5,20.54,7,20,2.93,Rock,2020-11-26,2023-06-02,578,918,1
565,Portugal,4,5.23,1,5,5.23,Latin,2021-12-27,2022-01-17,1079,21,2
566,Norway,5,42.37,15,40,2.82,Rock,2017-08-02,2020-04-26,1710,998,2
567,Hungary,5,3.05,1,3,3.05,Latin,2021-10-19,2022-08-18,866,303,2
568,USA,5,8.4,4,8,2.1,Alternative & Punk,2021-05-23,2024-05-20,225,1093,0
569,India,3,38.0,11,36,3.45,Rock,2017-08-01,2020-07-23,1622,1087,2
570,USA,5,18.83,9,15,2.09,Jazz,2022-05-27,2024-07-18,166,783,0
571,Portugal,4,10.36,5,10,2.07,Rock,2018-04-12,2021-01-23,1438,1017,2
572,USA,5,9.98,5,10,2.0,Reggae,2018-07-08,2020-11-10,1512,856,2
573,Ireland,4,13.48,6,13,2.25,Pop,2018-12-21,2021-03-23,1379,823,2
574,Brazil,5,48.75,13,47,3.75,Alternative & Punk,2018-11-28,2021-11-26,1131,1094,2
575,USA,4,45.56,14,44,3.25,Rock,2021-07-21,2024-07-14,170,1089,0
576,Italy,3,44.56,12,42,3.71,Metal,2019-05-08,2022-05-05,971,1093,2
577,Czech Republic,5,23.26,7,20,3.32,Blues,2017-05-07,2020-02-10,1786,1009,2
578,Brazil,5,2.03,1,2,2.03,Rock,2019-09-19,2021-09-04,1214,716,2
579,Portugal,5,1.1,1,1,1.1,Easy Listening,2018-08-27,2020-11-04,1518,800,2
580,Portugal,5,1.37,1,1,1.37,Classical,2021-03-14,2022-02-26,1039,349,2
581,Canada,3,9.49,3,7,3.16,Classical,2019-04-21,2021-10-24,1164,917,2
582,United Kingdom,4,11.26,5,11,2.25,Rock,2021-08-23,2024-02-20,315,911,0
583,Belgium,5,18.83,5,18,3.77,Latin,2021-01-08,2023-10-24,434,1019,1
584,USA,3,6.36,5,6,1.27,Rock,2021-07-22,2024-06-10,204,1054,0
585,USA,5,28.16,10,27,2.82,Latin,2020-05-18,2023-05-17,594,1094,1
586,France,5,14.95,5,14,2.99,Alternative & Punk,2019-10-28,2021-12-29,1098,793,2
587,Brazil,5,22.02,10,21,2.2,Rock,2022-02-09,2024-07-03,181,875,0
588,Brazil,4,23.66,7,23,3.38,Rock,2022-06-13,2024-04-22,253,679,0
589,USA,5,5.11,3,5,1.7,Rock,2018-02-08,2020-04-25,1711,807,2
590,Belgium,5,11.31,4,11,2.83,Rock,2018-01-11,2020-10-20,1533,1013,2
591,Portugal,5,22.36,12,22,1.86,Rock,2022-01-01,2024-10-25,67,1028,0
592,Austria,3,15.41,5,15,3.08,Alternative & Punk,2019-08-04,2021-06-16,1294,682,2
593,Brazil,5,39.46,11,38,3.59,Rock,2017-09-10,2020-05-19,1687,982,2
594,USA,3,17.88,4,17,4.47,Rock,2020-04-18,2022-12-26,736,982,2
595,Finland,5,25.78,6,21,4.3,Jazz,2019-10-26,2022-07-26,889,1004,2
596,Finland,4,28.49,8,27,3.56,Latin,2021-03-30,2024-03-17,289,1083,0
597,Germany,3,32.93,10,29,3.29,R&B/Soul,2019-11-15,2022-06-30,915,958,2
598,Brazil,3,2.49,2,2,1.25,Classical,2021-12-25,2024-10-18,74,1028,0
599,Hungary,5,16.81,5,16,3.36,Rock,2019-08-11,2022-08-02,882,1087,2
600,Other,4,75.43,18,66,4.19,R&B/Soul,2017-10-10,2020-07-04,1641,998,2
601,USA,5,23.8,8,22,2.97,Rock,2020-02-26,2023-01-03,728,1042,1
602,Brazil,3,65.05,20,63,3.25,Metal,2019-12-22,2022-11-04,788,1048,2
603,Brazil,3,10.01,2,10,5.0,Alternative & Punk,2018-12-08,2021-01-29,1432,783,2
604,Belgium,4,4.16,2,4,2.08,Rock,2022-03-07,2024-05-15,230,800,0
605,USA,5,8.02,3,8,2.67,Pop,2017-07-26,2020-03-04,1763,952,2
606,Austria,4,61.41,13,59,4.72,Rock,2017-08-24,2020-07-02,1643,1043,2
607,Italy,4,33.96,9,25,3.77,Classical,2021-02-18,2023-04-11,630,782,1
608,India,5,26.75,7,26,3.82,Latin,2020-05-17,2023-02-15,685,1004,1
609,Czech Republic,3,17.83,6,18,2.97,Rock,2018-03-06,2020-12-06,1486,1006,2
610,USA,3,22.1,4,16,5.52,Classical,2021-02-04,2023-04-02,639,787,1
611,Italy,5,55.76,16,49,3.48,R&B/Soul,2019-07-01,2022-05-20,956,1054,2
612,USA,5,1.04,1,1,1.04,Metal,2024-08-01,2024-12-22,9,143,0
613,Portugal,4,30.49,8,30,3.81,Reggae,2018-09-23,2021-04-10,1361,930,2
614,Czech Republic,3,25.78,8,22,3.22,Blues,2018-09-24,2021-02-14,1416,874,2
615,USA,3,4.18,1,4,4.18,Rock,2017-12-27,2020-01-15,1812,749,2
616,Czech Republic,3,13.3,5,13,2.66,Metal,2018-09-14,2021-06-15,1295,1005,2
617,Austria,5,5.38,1,5,5.38,Pop,2022-02-23,2024-05-22,223,819,0
618,Hungary,4,2.12,2,2,1.06,Reggae,2021-12-01,2024-10-11,81,1045,0
619,United Kingdom,3,1.06,1,1,1.06,Metal,2022-10-27,2023-09-18,470,326,1
620,United Kingdom,3,6.32,2,6,3.16,Latin,2019-06-15,2022-04-25,981,1045,2
621,Canada,3,12.56,6,12,2.09,Rock,2019-05-17,2021-09-21,1197,858,2
622,United Kingdom,3,6.04,2,6,3.02,Rock,2017-10-21,2020-07-26,1619,1009,2
623,Canada,5,29.28,7,28,4.18,Rock,2021-06-18,2024-06-03,211,1081,0
624,Czech Republic,4,16.88,5,15,3.38,R&B/Soul,2019-03-01,2020-04-18,1718,414,2
625,India,4,16.28,4,15,4.07,Alternative & Punk,2021-12-12,2024-04-09,266,849,0
626,Netherlands,3,1.98,1,2,1.98,Alternative & Punk,2018-09-13,2021-02-25,1405,896,2
627,USA,4,45.94,12,44,3.83,Rock,2017-12-20,2020-12-06,1486,1082,2
628,Germany,5,12.59,2,11,6.3,Blues,2019-06-03,2021-12-22,1105,933,2
629,Portugal,3,6.32,4,6,1.58,Pop,2018-03-23,2020-07-02,1643,832,2
630,France,5,52.88,18,51,2.94,Hip Hop/Rap,2020-02-10,2022-12-06,756,1030,2
631,United Kingdom,5,12.6,4,11,3.15,Blues,2020-06-09,2022-08-03,881,785,2
632,USA,5,12.49,5,12,2.5,Rock,2019-11-27,2022-08-07,877,984,2
633,USA,4,41.37,11,40,3.76,Rock,2020-12-30,2023-12-16,381,1081,1
634,Canada,3,10.35,2,10,5.18,Rock,2020-11-29,2023-11-08,419,1074,1
635,United Kingdom,4,31.98,7,31,4.57,Rock,2017-07-09,2020-04-28,1708,1024,2
636,USA,5,21.08,8,20,2.64,Rock,2019-11-19,2022-04-07,999,870,2
637,USA,3,49.98,20,48,2.5,Rock,2019-09-03,2022-03-30,1007,939,2
638,Brazil,5,25.51,8,25,3.19,Rock,2019-08-30,2022-06-09,936,1014,2
639,Canada,4,31.52,8,30,3.94,Rock,2021-09-23,2023-08-28,491,704,1
640,France,5,33.39,9,33,3.71,Rock,2019-06-03,2022-03-15,1022,1016,2
641,United Kingdom,3,4.38,2,4,2.19,Rock,2019-04-06,2020-02-24,1772,324,2
642,USA,3,31.03,10,30,3.1,Rock,2021-12-19,2023-12-15,382,726,1
643,Brazil,4,26.1,5,25,5.22,Rock,2021-05-31,2023-07-22,528,782,1
644,USA,4,58.74,15,53,3.92,Blues,2019-07-12,2022-03-25,1012,987,2
645,Italy,3,27.13,9,26,3.01,Rock,2020-12-06,2023-11-24,403,1083,1
646,USA,5,2.16,2,2,1.08,Pop,2019-11-13,2021-06-14,1296,579,2
647,Italy,4,27.07,7,22,3.87,Jazz,2019-05-10,2021-12-15,1112,950,2
648,Brazil,3,7.94,4,8,1.98,Alternative & Punk,2019-04-16,2020-12-19,1473,613,2
649,Belgium,5,58.38,13,44,4.49,Classical,2022-02-08,2024-08-14,139,918,0
650,Finland,3,29.65,10,26,2.97,R&B/Soul,2020-11-24,2023-10-23,435,1063,1
651,USA,4,1.91,1,2,1.91,Metal,2022-07-20,2023-09-25,463,432,1
652,Czech Republic,3,22.19,7,21,3.17,Reggae,2020-05-29,2023-01-27,704,973,1
653,France,4,7.84,2,7,3.92,Blues,2022-09-02,2024-06-23,191,660,0
654,Ireland,5,40.08,14,38,2.86,Latin,2021-08-18,2024-04-15,260,971,0
655,USA,5,6.97,2,7,3.49,Rock,2020-11-26,2023-06-04,576,920,1
656,Canada,3,1.06,1,1,1.06,Alternative & Punk,2020-03-22,2021-07-10,1270,475,2
657,Brazil,5,22.11,8,19,2.76,Blues,2021-10-07,2024-05-29,216,965,0
658,Denmark,4,11.27,4,11,2.82,Metal,2017-06-29,2020-01-04,1823,919,2
659,Ireland,4,22.86,5,20,4.57,R&B/Soul,2017-12-06,2020-11-22,1500,1082,2
660,Germany,5,27.39,13,26,2.11,Rock,2021-12-26,2024-12-16,15,1086,0
661,France,3,26.9,7,26,3.84,Latin,2020-09-17,2023-04-14,627,939,1
662,Portugal,4,14.29,7,14,2.04,Hip Hop/Rap,2021-10-11,2024-08-20,133,1044,0
663,USA,4,17.85,3,17,5.95,Latin,2020-06-18,2023-03-07,665,992,1
664,Germany,5,23.79,9,23,2.64,Reggae,2020-10-19,2023-09-08,480,1054,1
665,USA,5,29.1,6,28,4.85,Hip Hop/Rap,2020-05-19,2022-08-13,871,816,2
666,Canada,4,30.27,7,29,4.32,Alternative & Punk,2019-12-29,2022-05-23,953,876,2
667,Ireland,3,14.42,4,14,3.61,Rock,2020-01-02,2022-10-13,810,1015,2
668,USA,3,17.84,9,17,1.98,Metal,2020-01-24,2022-07-30,885,918,2
669,Belgium,5,16.65,4,16,4.16,Alternative & Punk,2020-06-01,2023-02-15,685,989,1
670,Canada,4,25.71,8,19,3.21,Classical,2018-10-06,2021-07-09,1271,1007,2
671,France,5,9.69,3,9,3.23,Rock,2021-03-21,2024-02-06,329,1052,0
672,USA,3,29.35,9,28,3.26,Latin,2020-12-16,2023-05-30,581,895,1
673,USA,3,64.25,20,62,3.21,Rock,2021-12-30,2024-07-18,166,931,0
674,Germany,3,26.42,7,25,3.77,Rock,2021-12-17,2023-04-16,625,485,1
675,Canada,3,23.41,7,23,3.34,Alternative & Punk,2017-05-13,2020-03-30,1737,1052,2
676,Norway,4,33.8,10,33,3.38,Rock,2022-03-13,2024-09-17,105,919,0
677,Canada,4,9.7,4,9,2.43,Pop,2020-09-10,2023-04-10,631,942,1
678,Czech Republic,4,30.52,5,29,6.1,Alternative & Punk,2019-09-04,2021-11-07,1150,795,2
679,Portugal,4,45.5,8,44,5.69,Rock,2019-05-30,2021-08-15,1234,808,2
680,Portugal,3,8.11,2,8,4.06,Alternative & Punk,2021-11-07,2023-02-02,698,452,1
681,Other,3,38.92,11,32,3.54,Jazz,2017-11-18,2020-09-19,1564,1036,2
682,Netherlands,3,45.99,8,34,5.75,Classical,2021-11-15,2024-09-21,101,1041,0
683,India,4,29.59,12,28,2.47,Hip Hop/Rap,2019-02-23,2022-02-19,1046,1092,2
684,United Kingdom,5,16.96,5,16,3.39,Rock,2020-02-20,2023-01-24,707,1069,1
685,France,4,20.41,7,20,2.92,Rock,2018-08-03,2021-01-29,1432,910,2
686,Canada,3,17.89,3,16,5.96,Easy Listening,2018-10-16,2021-06-05,1305,963,2
687,Canada,5,19.66,5,18,3.93,Blues,2020-10-12,2023-06-06,574,967,1
688,United Kingdom,3,39.0,12,38,3.25,Rock,2021-06-21,2024-06-20,194,1095,0
689,Canada,3,1.18,1,1,1.18,Alternative & Punk,2023-03-10,2024-06-29,185,477,0
690,Canada,3,2.12,1,2,2.12,Metal,2018-12-11,2021-11-11,1146,1066,2
691,USA,4,6.1,3,6,2.03,Rock,2019-08-03,2020-11-10,1512,465,2
692,France,5,16.62,6,16,2.77,Pop,2018-10-20,2021-09-24,1194,1070,2
693,USA,5,5.11,3,5,1.7,Alternative & Punk,2020-12-18,2023-01-28,703,771,1
694,Other,3,7.46,1,7,7.46,Rock,2019-11-23,2022-02-25,1040,825,2
695,Brazil,3,9.95,2,10,4.98,Reggae,2019-10-27,2022-08-17,867,1025,2
696,USA,5,26.59,7,25,3.8,Rock,2017-12-28,2020-10-22,1531,1029,2
697,Other,5,17.04,2,15,8.52,R&B/Soul,2020-06-30,2023-01-12,719,926,1
698,Germany,3,1.15,1,1,1.15,Latin,2022-10-26,2022-12-11,751,46,2
699,Chile,4,27.74,6,22,4.62,Jazz,2018-03-17,2020-06-11,1664,817,2
700,India,3,12.63,4,12,3.16,Hip Hop/Rap,2022-05-07,2024-11-23,38,931,0
701,Finland,3,6.56,3,6,2.19,Pop,2021-08-23,2024-01-01,365,861,0
702,Other,4,27.01,12,26,2.25,Rock,2021-02-21,2023-11-15,412,997,1
703,Canada,4,16.81,6,16,2.8,Alternative & Punk,2022-04-13,2024-10-08,84,909,0
704,Canada,4,50.0,13,48,3.85,Metal,2019-08-29,2022-04-23,983,968,2
705,Canada,5,25.17,9,24,2.8,Rock,2020-04-02,2022-09-24,829,905,2
706,USA,5,2.95,2,3,1.48,Latin,2022-03-21,2023-07-28,522,494,1
707,Chile,5,28.91,9,28,3.21,Alternative & Punk,2017-08-03,2020-03-01,1766,941,2
708,Brazil,3,36.99,11,35,3.36,Latin,2019-07-29,2021-11-01,1156,826,2
709,USA,4,1.11,1,1,1.11,Rock,2021-07-27,2021-12-04,1123,130,2
710,Other,4,37.39,9,28,4.15,Classical,2021-05-19,2024-05-15,230,1092,0
711,Brazil,5,67.39,20,66,3.37,Rock,2021-07-06,2024-07-05,179,1095,0
712,France,3,15.39,7,15,2.2,Rock,2017-07-16,2020-07-14,1631,1094,2
713,USA,4,12.42,3,12,4.14,Rock,2019-03-12,2021-09-03,1215,906,2
714,Brazil,3,5.27,2,5,2.64,Reggae,2019-07-13,2021-07-20,1260,738,2
715,Portugal,4,16.96,5,15,3.39,Easy Listening,2019-05-06,2022-01-29,1067,999,2
716,France,4,1.12,1,1,1.12,Easy Listening,2022-01-30,2024-04-15,260,806,0
717,Canada,3,4.16,3,4,1.39,Rock,2020-11-10,2023-02-23,677,835,1
718,India,5,39.35,14,38,2.81,Latin,2018-03-08,2020-11-04,1518,972,2
719,Chile,3,26.22,9,25,2.91,Reggae,2020-11-19,2023-02-12,688,815,1
720,Canada,3,40.58,13,36,3.12,R&B/Soul,2021-03-01,2023-09-29,459,942,1
721,Canada,3,13.57,4,13,3.39,Metal,2020-08-29,2022-03-31,1006,579,2
722,Chile,5,9.18,3,8,3.06,R&B/Soul,2018-08-03,2020-03-22,1745,597,2
723,Other,3,2.16,2,2,1.08,Rock,2018-01-12,2020-06-01,1674,871,2
724,Portugal,5,14.27,5,14,2.85,Metal,2018-06-02,2020-07-23,1622,782,2
725,Portugal,5,40.08,9,39,4.45,Rock,2020-02-15,2023-02-11,689,1092,1
726,USA,5,5.27,3,5,1.76,Rock,2021-01-14,2022-10-14,809,638,2
727,Brazil,5,59.24,19,58,3.12,Metal,2020-06-29,2023-06-10,570,1076,1
728,USA,5,23.95,7,23,3.42,Rock,2021-08-25,2023-04-25,616,608,1
729,Portugal,5,6.93,3,7,2.31,Pop,2017-04-16,2020-03-24,1743,1073,2
730,Ireland,3,7.3,2,7,3.65,Pop,2019-10-29,2021-09-09,1209,681,2
731,Germany,4,50.29,7,37,7.18,Classical,2021-04-01,2024-02-09,326,1044,0
732,USA,3,0.89,1,1,0.89,Rock,2020-07-05,2022-11-30,762,878,2
733,USA,4,0.96,1,1,0.96,Rock,2019-10-12,2022-05-10,966,941,2
734,Brazil,4,5.19,3,5,1.73,Rock,2018-01-02,2020-03-29,1738,817,2
735,Canada,3,44.22,13,43,3.4,Reggae,2017-11-30,2020-10-13,1540,1048,2
736,Denmark,5,48.35,14,48,3.45,Rock,2021-08-07,2024-07-17,167,1075,0
737,Denmark,5,6.08,1,6,6.08,Latin,2022-03-22,2023-10-18,440,575,1
738,France,3,21.66,5,19,4.33,Easy Listening,2019-05-06,2021-04-09,1362,704,2
739,USA,4,38.17,12,38,3.18,Rock,2020-02-27,2022-10-18,805,964,2
740,USA,5,52.79,13,51,4.06,Rock,2018-07-23,2021-05-16,1325,1028,2
741,France,4,5.93,2,6,2.96,Rock,2020-07-08,2022-04-13,993,644,2
742,Canada,5,23.81,5,23,4.76,Rock,2017-07-18,2020-04-21,1715,1008,2
743,Portugal,4,3.89,1,3,3.89,Jazz,2019-03-04,2021-12-07,1120,1009,2
744,France,4,1.13,1,1,1.13,R&B/Soul,2023-08-16,2023-11-30,397,106,1
745,USA,5,18.75,8,18,2.34,Alternative & Punk,2018-03-19,2020-10-01,1552,927,2
746,Other,3,12.82,2,12,6.41,Reggae,2017-04-01,2020-02-25,1771,1060,2
747,Italy,5,5.3,3,5,1.77,Metal,2020-03-26,2023-01-11,720,1021,1
748,Netherlands,5,6.23,2,6,3.12,Reggae,2018-09-02,2020-09-29,1554,758,2
749,United Kingdom,3,8.14,3,7,2.71,Blues,2021-01-23,2023-02-28,672,766,1
750,Canada,5,13.85,6,14,2.31,Reggae,2020-12-09,2023-11-16,411,1072,1
751,United Kingdom,4,9.16,3,9,3.05,Metal,2018-12-16,2021-10-16,1172,1035,2
752,Brazil,3,28.06,9,27,3.12,Rock,2020-06-15,2023-05-30,581,1079,1
753,France,3,5.62,3,5,1.87,Latin,2020-12-27,2023-01-22,709,756,1
754,USA,4,0.92,1,1,0.92,Rock,2022-11-26,2023-09-12,476,290,1
755,Finland,4,6.22,1,5,6.22,Jazz,2022-11-23,2023-02-19,681,88,1
756,Brazil,3,20.66,7,18,2.95,R&B/Soul,2021-09-05,2024-07-26,158,1055,0
757,Germany,3,92.75,20,69,4.64,Classical,2020-03-05,2023-01-01,730,1032,1
758,USA,4,36.36,10,35,3.64,Reggae,2017-05-20,2020-03-17,1750,1032,2
759,Norway,4,13.8,2,13,6.9,Latin,2017-11-30,2020-10-26,1527,1061,2
760,USA,3,10.37,2,10,5.18,Latin,2018-05-15,2020-06-25,1650,772,2
761,Czech Republic,5,14.86,3,13,4.95,R&B/Soul,2022-04-10,2024-01-25,341,655,0
762,Germany,4,37.09,13,35,2.85,Rock,2019-12-11,2022-12-03,759,1088,2
763,Italy,5,39.8,5,32,7.96,Jazz,2018-08-01,2021-05-15,1326,1018,2
764,Hungary,3,34.05,13,30,2.62,Blues,2019-09-10,2022-07-30,885,1054,2
765,Netherlands,4,14.79,8,14,1.85,Reggae,2017-12-29,2020-09-12,1571,988,2
766,USA,4,3.39,2,3,1.7,Alternative & Punk,2018-08-01,2021-07-06,1274,1070,2
767,Canada,3,83.46,20,79,4.17,Latin,2020-09-01,2023-07-06,544,1038,1
768,Brazil,5,14.86,4,14,3.72,Pop,2019-05-05,2021-08-18,1231,836,2
769,Czech Republic,5,27.8,11,27,2.53,Alternative & Punk,2018-11-29,2021-07-05,1275,949,2
770,Canada,3,21.92,4,21,5.48,Reggae,2019-11-06,2022-08-08,876,1006,2
771,Portugal,4,21.97,7,21,3.14,Metal,2018-04-16,2021-04-02,1369,1082,2
772,France,4,43.52,10,42,4.35,Rock,2018-09-26,2021-05-27,1314,974,2
773,Chile,4,17.46,5,17,3.49,Rock,2023-02-18,2024-10-07,85,597,0
774,Canada,4,18.5,6,18,3.08,Rock,2020-08-08,2023-07-11,539,1067,1
775,USA,4,9.74,3,9,3.25,Reggae,2022-01-01,2024-07-14,170,925,0
776,USA,5,15.09,7,15,2.16,Rock,2018-10-19,2021-05-19,1322,943,2
777,Canada,3,14.32,4,14,3.58,Rock,2017-02-11,2020-01-13,1814,1066,2
778,USA,3,5.75,1,5,5.75,Blues,2019-03-31,2021-07-13,1267,835,2
779,Czech Republic,4,15.01,5,15,3.0,Rock,2020-03-16,2023-01-14,717,1034,1
780,Austria,5,11.56,3,11,3.85,Rock,2021-12-24,2024-02-24,311,792,0
781,Canada,3,30.33,9,30,3.37,Latin,2019-10-02,2022-08-12,872,1045,2
782,Canada,3,1.03,1,1,1.03,Latin,2022-04-27,2023-05-13,598,381,1
783,Brazil,4,1.1,1,1,1.1,Rock,2023-06-19,2024-02-12,323,238,0
784,Portugal,3,6.33,2,6,3.16,Metal,2022-05-12,2024-09-29,93,871,0
785,France,3,80.58,20,78,4.03,Rock,2019-02-23,2022-02-01,1064,1074,2
786,Brazil,5,32.35,11,31,2.94,Rock,2019-12-05,2022-09-04,849,1004,2
787,France,5,47.59,20,46,2.38,Metal,2019-11-14,2022-11-04,788,1086,2
788,Czech Republic,4,44.11,13,38,3.39,Easy Listening,2021-11-25,2024-08-31,122,1010,0
789,USA,5,19.74,6,19,3.29,Rock,2019-12-16,2022-08-21,863,979,2
790,Czech Republic,4,25.06,7,24,3.58,Latin,2018-05-06,2020-01-30,1797,634,2
791,Canada,5,3.16,2,3,1.58,Latin,2021-12-11,2023-01-09,722,394,1
792,USA,3,25.56,7,19,3.65,Classical,2020-12-26,2023-11-02,425,1041,1
793,USA,3,49.68,13,47,3.82,Rock,2020-08-19,2023-07-04,546,1049,1
794,France,4,13.6,4,13,3.4,Rock,2020-09-24,2023-05-15,596,963,1
795,Czech Republic,4,5.21,1,5,5.21,Alternative & Punk,2021-08-16,2023-09-27,461,772,1
796,Brazil,3,2.95,2,3,1.48,Latin,2020-02-20,2022-07-26,889,887,2
797,France,3,35.25,10,34,3.52,Rock,2021-04-26,2024-04-02,273,1072,0
798,India,3,6.42,2,6,3.21,Rock,2022-01-08,2024-06-16,198,890,0
799,Chile,4,32.19,6,28,5.36,R&B/Soul,2017-07-25,2020-04-24,1712,1004,2
800,United Kingdom,4,29.66,6,29,4.94,Metal,2017-11-20,2020-10-28,1525,1073,2
801,Canada,4,23.98,4,23,6.0,Latin,2022-07-27,2024-12-19,12,876,0
802,Brazil,3,41.21,11,40,3.75,Rock,2021-07-21,2024-03-22,284,975,0
803,India,3,2.41,2,2,1.2,R&B/Soul,2018-11-04,2021-06-16,1294,955,2
804,USA,3,2.05,2,2,1.02,Rock,2022-07-17,2024-07-26,158,740,0
805,Germany,5,18.19,10,16,1.82,Blues,2020-05-14,2023-03-08,664,1028,1
806,France,5,6.19,3,6,2.06,Reggae,2021-05-09,2023-06-11,569,763,1
807,Canada,3,8.01,2,8,4.0,Rock,2022-07-31,2023-11-17,410,474,1
808,Canada,3,12.38,6,12,2.06,Metal,2018-11-19,2020-11-14,1508,726,2
809,Canada,4,31.38,11,30,2.85,Rock,2021-10-23,2024-08-21,132,1033,0
810,USA,5,20.06,4,19,5.02,Rock,2020-06-12,2023-05-18,593,1070,1
811,Brazil,3,14.8,5,14,2.96,Pop,2020-01-31,2023-01-26,705,1091,1
812,USA,3,21.07,9,21,2.34,Alternative & Punk,2018-02-01,2020-12-21,1471,1054,2
813,Germany,4,28.47,6,23,4.74,Jazz,2019-03-26,2021-10-16,1172,935,2
814,USA,5,6.03,2,6,3.01,Rock,2021-02-14,2024-01-28,338,1078,0
815,Brazil,5,44.04,11,42,4.0,Rock,2017-07-03,2020-06-20,1655,1083,2
816,USA,4,2.99,3,3,1.0,Latin,2022-01-29,2023-02-05,695,372,1
817,Canada,4,11.1,2,11,5.55,Metal,2022-04-10,2024-07-05,179,817,0
818,Finland,4,7.65,4,7,1.91,Rock,2019-07-14,2022-06-02,943,1054,2
819,United Kingdom,3,17.37,5,13,3.47,Classical,2018-10-26,2021-02-25,1405,853,2
820,India,3,15.21,4,14,3.8,Alternative & Punk,2021-01-03,2022-11-08,784,674,2
821,Austria,4,26.56,5,23,5.31,Blues,2018-11-02,2021-04-22,1349,902,2
822,Portugal,5,29.31,10,24,2.93,Jazz,2018-02-01,2021-01-15,1446,1079,2
823,Italy,4,35.35,12,34,2.95,Rock,2020-11-18,2023-11-01,426,1078,1
824,Czech Republic,5,29.78,9,28,3.31,Alternative & Punk,2020-08-24,2023-08-02,517,1073,1
825,Canada,3,25.62,11,24,2.33,Rock,2019-02-26,2021-12-07,1120,1015,2
826,United Kingdom,5,20.6,6,20,3.43,Alternative & Punk,2018-08-04,2021-05-18,1323,1018,2
827,Brazil,4,19.74,8,19,2.47,Latin,2020-03-05,2022-01-28,1068,694,2
828,United Kingdom,5,28.23,7,28,4.03,Alternative & Punk,2018-06-02,2021-03-06,1396,1008,2
829,Finland,5,11.23,6,11,1.87,Rock,2019-11-28,2022-09-17,836,1024,2
830,United Kingdom,3,2.23,1,2,2.23,Rock,2024-01-06,2024-10-28,64,296,0
831,Canada,5,3.18,3,3,1.06,Rock,2021-06-24,2024-03-15,291,995,0
832,United Kingdom,3,10.16,3,10,3.39,Latin,2021-06-09,2024-05-31,214,1087,0
833,France,4,2.15,1,2,2.15,Alternative & Punk,2023-01-06,2023-07-21,529,196,1
834,Portugal,5,13.57,3,13,4.52,Metal,2019-06-02,2021-05-17,1324,715,2
835,USA,5,10.38,1,10,10.38,Rock,2019-12-15,2020-03-04,1763,80,2
836,Italy,5,31.27,13,30,2.41,Rock,2017-10-27,2020-07-19,1626,996,2
837,Czech Republic,3,17.22,2,16,8.61,Latin,2020-12-23,2023-11-23,404,1065,1
838,Other,5,28.17,12,27,2.35,Rock,2019-05-25,2022-04-30,976,1071,2
839,Norway,3,7.29,3,7,2.43,Rock,2017-08-18,2020-08-12,1602,1090,2
840,USA,3,24.81,10,24,2.48,Rock,2018-04-13,2021-02-26,1404,1050,2
841,Portugal,5,5.17,4,5,1.29,Latin,2018-09-21,2021-04-30,1341,952,2
842,USA,3,7.2,4,7,1.8,Rock,2017-04-19,2020-03-26,1741,1072,2
843,Portugal,4,20.19,7,19,2.88,Latin,2021-01-19,2023-09-02,486,956,1
844,Czech Republic,5,2.17,1,2,2.17,Alternative & Punk,2019-08-10,2020-04-18,1718,252,2
845,France,3,56.24,15,55,3.75,Alternative & Punk,2019-08-16,2022-03-24,1013,951,2
846,Ireland,3,9.9,4,8,2.48,Jazz,2017-05-18,2020-03-07,1760,1024,2
847,France,3,20.93,6,20,3.49,Metal,2021-10-03,2024-04-07,268,917,0
848,India,3,18.06,4,17,4.52,Rock,2018-06-18,2020-12-28,1464,924,2
849,Canada,4,0.94,1,1,0.94,Rock,2023-02-12,2024-09-26,96,592,0
850,USA,5,13.33,5,13,2.67,Alternative & Punk,2022-04-27,2024-12-29,2,977,0
851,USA,3,38.0,8,30,4.75,Jazz,2018-10-25,2021-08-29,1220,1039,2
852,Germany,4,65.0,12,57,5.42,R&B/Soul,2017-12-08,2020-05-22,1684,896,2
853,Canada,4,51.44,19,49,2.71,Latin,2017-10-08,2020-09-27,1556,1085,2
854,Canada,3,66.15,13,64,5.09,Pop,2019-04-06,2022-03-26,1011,1085,2
855,Canada,3,9.63,3,9,3.21,Rock,2019-11-04,2021-12-04,1123,761,2
856,Denmark,5,18.1,7,17,2.59,Latin,2022-03-13,2024-10-25,67,957,0
857,Hungary,3,23.66,10,22,2.37,Rock,2020-08-27,2023-07-25,525,1062,1
858,Germany,3,20.83,8,20,2.6,Rock,2019-08-23,2022-05-08,968,989,2
859,Italy,4,25.69,8,24,3.21,Rock,2018-04-12,2021-01-12,1449,1006,2
860,Austria,4,24.98,8,24,3.12,Rock,2018-10-16,2021-05-25,1316,952,2
861,France,3,30.87,9,30,3.43,Metal,2021-07-29,2024-01-22,344,907,0
862,India,3,15.38,2,15,7.69,Pop,2021-06-15,2023-07-21,529,766,1
863,Ireland,5,14.42,6,14,2.4,Rock,2019-08-02,2021-06-30,1280,698,2
864,Norway,4,21.17,2,18,10.58,Blues,2018-02-28,2020-02-13,1783,715,2
865,USA,3,35.65,10,35,3.57,Rock,2017-09-03,2020-02-05,1791,885,2
866,USA,4,19.09,5,18,3.82,Rock,2020-09-30,2023-09-06,482,1071,1
867,Brazil,3,5.45,3,5,1.82,Rock,2021-04-09,2024-01-03,363,999,0
868,France,4,10.41,5,10,2.08,Alternative & Punk,2018-07-27,2021-03-07,1395,954,2
869,Germany,4,19.42,9,17,2.16,Easy Listening,2017-12-28,2020-07-30,1615,945,2
870,USA,3,11.24,7,11,1.61,Rock,2020-05-13,2022-10-28,795,898,2
871,France,4,23.4,8,19,2.92,Jazz,2017-11-29,2020-08-09,1605,984,2
872,France,5,26.88,8,26,3.36,Latin,2020-03-06,2022-11-10,782,979,2
873,USA,4,3.0,1,3,3.0,Alternative & Punk,2020-01-25,2020-11-17,1505,297,2
874,France,3,22.51,5,22,4.5,Rock,2019-10-17,2021-05-26,1315,587,2
875,USA,4,2.11,2,2,1.06,Alternative & Punk,2021-04-23,2022-12-15,747,601,2
876,Germany,3,8.27,5,8,1.65,Latin,2019-09-05,2022-05-02,974,970,2
877,Other,3,22.93,9,19,2.55,Jazz,2018-10-26,2021-05-29,1312,946,2
878,Belgium,5,23.91,7,23,3.42,Rock,2021-01-23,2023-03-08,664,774,1
879,Germany,4,31.32,10,30,3.13,Rock,2019-09-17,2022-07-11,904,1028,2
880,USA,5,3.12,3,3,1.04,Rock,2021-10-30,2023-06-13,567,591,1
881,USA,3,20.57,5,20,4.11,Latin,2018-05-31,2020-12-09,1483,923,2
882,Brazil,4,14.58,5,14,2.92,Latin,2022-01-03,2024-11-30,31,1062,0
883,United Kingdom,4,23.03,6,22,3.84,Rock,2020-05-19,2023-05-04,607,1080,1
884,France,4,69.88,20,56,3.49,Jazz,2019-05-29,2022-02-05,1060,983,2
885,Norway,5,4.17,1,4,4.17,Metal,2022-06-05,2022-07-06,909,31,2
886,France,3,13.63,6,13,2.27,Rock,2020-09-11,2023-05-12,599,973,1
887,Belgium,3,33.05,9,24,3.67,Classical,2021-03-01,2023-09-28,460,941,1
888,USA,3,18.19,3,14,6.06,Jazz,2018-12-07,2020-05-30,1676,540,2
889,Belgium,3,46.57,14,44,3.33,Metal,2021-12-23,2024-12-04,27,1077,0
890,Canada,5,15.38,5,15,3.08,Pop,2019-07-26,2022-05-29,947,1038,2
891,United Kingdom,3,2.1,2,2,1.05,Latin,2021-05-26,2024-05-16,229,1086,0
892,USA,3,19.52,7,19,2.79,Latin,2021-03-27,2023-11-10,417,958,1
893,Germany,4,32.06,9,31,3.56,Alternative & Punk,2020-03-18,2022-09-28,825,924,2
894,Chile,3,19.29,6,15,3.22,Classical,2021-07-17,2024-06-25,189,1074,0
895,Canada,4,31.26,6,26,5.21,Jazz,2021-01-28,2023-10-28,430,1003,1
896,Czech Republic,4,39.93,16,39,2.5,Rock,2021-04-08,2023-10-30,428,935,1
897,Czech Republic,5,29.76,9,28,3.31,Rock,2022-03-31,2024-05-01,244,762,0
898,Denmark,5,6.72,2,7,3.36,Latin,2020-10-16,2023-01-17,714,823,1
899,Chile,5,15.05,6,11,2.51,Classical,2022-02-24,2024-12-29,2,1039,0
900,Czech Republic,3,39.32,12,38,3.28,Alternative & Punk,2017-06-22,2020-04-02,1734,1015,2
901,USA,4,39.95,10,34,4.0,Easy Listening,2018-11-21,2021-07-29,1251,981,2
902,Norway,4,27.95,7,24,3.99,Blues,2020-01-23,2022-08-05,879,925,2
903,USA,5,21.68,2,16,10.84,Classical,2021-12-26,2024-05-22,223,878,0
904,USA,5,34.67,9,31,3.85,Easy Listening,2021-02-22,2023-10-04,454,954,1
905,Portugal,3,17.38,6,17,2.9,Rock,2018-08-25,2021-05-18,1323,997,2
906,Austria,4,31.18,13,30,2.4,Metal,2021-10-20,2024-06-24,190,978,0
907,United Kingdom,3,13.69,3,13,4.56,Metal,2020-12-05,2023-03-26,646,841,1
908,Portugal,5,42.11,17,41,2.48,Rock,2019-11-25,2022-06-28,917,946,2
909,Germany,3,54.88,11,52,4.99,Reggae,2022-02-02,2024-12-29,2,1061,0
910,USA,4,18.69,9,18,2.08,Alternative & Punk,2018-07-20,2021-06-10,1300,1056,2
911,USA,4,33.6,9,33,3.73,Rock,2018-07-07,2020-09-30,1553,816,2
912,Netherlands,3,11.2,4,11,2.8,Alternative & Punk,2017-07-03,2020-04-14,1722,1016,2
913,Portugal,3,15.95,5,15,3.19,Rock,2017-05-31,2020-01-25,1802,969,2
914,Portugal,5,47.18,15,45,3.15,Alternative & Punk,2018-12-23,2021-06-12,1298,902,2
915,India,4,3.85,1,4,3.85,Rock,2023-07-09,2024-02-17,318,223,0
916,Czech Republic,5,20.46,7,20,2.92,Latin,2021-11-01,2024-10-30,62,1094,0
917,United Kingdom,5,5.46,3,5,1.82,Pop,2018-11-16,2020-10-01,1552,685,2
918,Brazil,3,18.58,8,14,2.32,Classical,2021-05-22,2024-01-10,356,963,0
919,Canada,4,15.06,5,14,3.01,Rock,2019-06-06,2021-12-05,1122,913,2
920,USA,3,16.66,8,16,2.08,Reggae,2021-07-03,2024-01-18,348,929,0
921,France,3,28.28,10,27,2.83,Pop,2019-05-30,2022-01-07,1089,953,2
922,USA,5,11.8,2,11,5.9,Rock,2021-02-28,2023-12-01,396,1006,1
923,Canada,3,4.17,3,4,1.39,Latin,2019-07-23,2021-12-25,1102,886,2
924,Portugal,3,15.66,6,15,2.61,Rock,2017-06-29,2020-06-04,1671,1071,2
925,USA,5,32.67,9,31,3.63,Rock,2018-05-12,2020-12-09,1483,942,2
926,India,5,29.35,8,28,3.67,Hip Hop/Rap,2021-04-04,2023-12-13,384,983,1
927,Finland,5,31.78,9,30,3.53,Metal,2021-10-03,2024-06-05,209,976,0
928,Brazil,3,2.52,1,2,2.52,Jazz,2017-09-08,2020-01-22,1805,866,2
929,United Kingdom,5,30.63,7,30,4.38,Pop,2021-12-22,2024-09-16,106,999,0
930,USA,3,12.88,6,12,2.15,Latin,2017-11-09,2020-09-21,1562,1047,2
931,Germany,3,13.01,5,12,2.6,Hip Hop/Rap,2022-10-29,2024-12-29,2,792,0
932,USA,4,19.26,6,17,3.21,R&B/Soul,2017-11-01,2020-10-20,1533,1084,2
933,Hungary,3,20.12,6,19,3.35,Latin,2020-11-04,2022-11-16,776,742,2
934,USA,5,22.67,6,18,3.78,Jazz,2018-03-30,2020-12-03,1489,979,2
935,Austria,4,21.15,6,17,3.53,Jazz,2017-10-18,2020-05-20,1686,945,2
936,USA,5,32.48,13,31,2.5,Metal,2017-04-28,2020-04-13,1723,1081,2
937,USA,3,6.31,2,6,3.16,Rock,2019-06-19,2021-07-11,1269,753,2
938,USA,4,62.73,14,50,4.48,Jazz,2019-02-14,2021-12-11,1116,1031,2
939,Canada,5,18.98,5,18,3.8,Reggae,2020-12-09,2023-11-21,406,1077,1
940,Chile,3,4.67,1,4,4.67,Blues,2018-10-31,2021-09-28,1190,1063,2
941,Germany,5,28.37,5,28,5.67,Rock,2020-07-09,2022-09-28,825,811,2
942,Canada,4,43.1,11,32,3.92,Classical,2020-02-21,2022-06-18,927,848,2
943,Other,4,36.81,8,31,4.6,R&B/Soul,2021-05-28,2023-10-13,445,868,1
944,USA,4,16.28,3,13,5.43,Jazz,2019-02-15,2020-03-08,1759,387,2
945,USA,3,57.19,11,45,5.2,Jazz,2021-10-24,2024-07-17,167,997,0
946,Portugal,5,29.8,8,28,3.72,Alternative & Punk,2021-03-01,2023-09-05,483,918,1
947,United Kingdom,4,9.88,5,9,1.98,Pop,2017-08-20,2020-07-15,1630,1060,2
948,USA,3,38.35,9,30,4.26,Jazz,2018-04-25,2020-08-25,1589,853,2
949,USA,4,15.63,7,15,2.23,Rock,2017-10-28,2020-07-13,1632,989,2
950,Canada,5,15.9,4,14,3.97,Blues,2022-03-22,2022-12-20,742,273,2
951,Czech Republic,5,59.49,12,52,4.96,Blues,2018-05-17,2021-04-05,1366,1054,2
952,Czech Republic,3,0.99,1,1,0.99,Rock,2019-07-17,2022-06-05,940,1054,2
953,United Kingdom,4,52.61,20,51,2.63,Rock,2021-06-01,2024-03-05,301,1008,0
954,Czech Republic,5,27.29,9,26,3.03,Alternative & Punk,2021-02-14,2023-10-19,439,977,1
955,Canada,5,7.1,3,7,2.37,Latin,2019-09-22,2022-08-17,867,1060,2
956,France,4,16.16,8,15,2.02,Rock,2021-12-05,2024-05-15,230,892,0
957,Germany,5,14.31,6,14,2.39,Latin,2017-07-17,2020-07-01,1644,1080,2
958,Netherlands,3,11.46,7,11,1.64,Rock,2020-09-05,2023-02-13,687,891,1
959,France,5,5.47,2,5,2.74,Latin,2022-03-14,2024-03-01,305,718,0
960,USA,4,55.05,10,44,5.51,Jazz,2020-04-19,2022-10-31,792,925,2
961,Austria,3,60.7,20,50,3.03,Jazz,2020-01-24,2023-01-10,721,1082,1
962,India,3,2.03,2,2,1.01,Rock,2020-01-19,2021-01-16,1445,363,2
963,India,5,41.2,13,34,3.17,Jazz,2019-05-08,2022-04-09,997,1067,2
964,France,4,4.52,2,4,2.26,Blues,2018-03-17,2020-03-15,1752,729,2
965,Canada,4,17.55,2,16,8.78,Pop,2020-07-12,2022-12-26,736,897,2
966,Other,5,16.5,4,16,4.12,Rock,2018-03-14,2020-07-26,1619,865,2
967,Netherlands,5,4.88,3,5,1.63,Metal,2020-12-15,2023-02-12,688,789,1
968,Netherlands,3,38.44,8,37,4.8,Pop,2019-12-01,2022-04-28,978,879,2
969,Germany,3,12.71,5,13,2.54,Latin,2020-12-06,2023-03-14,658,828,1
970,Canada,4,49.47,9,37,5.5,Classical,2021-11-27,2024-09-15,107,1023,0
971,India,4,18.18,7,17,2.6,Metal,2020-02-01,2022-04-11,995,800,2
972,France,4,1.12,1,1,1.12,Rock,2021-05-27,2022-03-03,1034,280,2
973,Germany,3,21.93,10,21,2.19,Latin,2018-10-20,2021-09-23,1195,1069,2
974,Denmark,4,5.28,3,4,1.76,Classical,2020-10-30,2023-05-14,597,926,1
975,USA,5,12.46,4,12,3.12,Alternative & Punk,2019-06-05,2021-04-11,1360,676,2
976,USA,3,25.32,10,24,2.53,Rock,2022-01-20,2024-12-03,28,1048,0
977,Chile,5,30.83,7,23,4.4,Classical,2019-03-28,2022-02-23,1042,1063,2
978,Canada,3,10.18,3,10,3.39,Rock,2019-08-30,2022-08-12,872,1078,2
979,France,4,6.28,4,6,1.57,Latin,2020-12-27,2023-12-22,375,1090,1
980,United Kingdom,3,42.89,14,41,3.06,Rock,2021-02-20,2023-11-01,426,984,1
981,Canada,4,20.94,4,20,5.24,Metal,2020-07-16,2023-07-07,543,1086,1
982,USA,3,18.58,7,18,2.65,Rock,2022-05-11,2024-11-18,43,922,0
983,France,4,16.08,3,15,5.36,Rock,2021-03-18,2022-02-12,1053,331,2
984,Canada,5,78.47,17,59,4.62,Classical,2018-09-27,2021-02-25,1405,882,2
985,Belgium,4,17.32,5,17,3.46,Rock,2021-05-26,2023-05-04,607,708,1
986,USA,4,18.4,3,17,6.13,Rock,2021-05-02,2022-10-19,804,535,2
987,USA,4,30.79,10,27,3.08,Easy Listening,2018-04-14,2021-04-04,1367,1086,2
988,USA,5,8.42,3,8,2.81,Rock,2020-09-01,2023-06-20,560,1022,1
989,Brazil,5,51.71,14,42,3.69,Jazz,2020-11-30,2023-11-07,420,1072,1
990,United Kingdom,3,13.29,7,13,1.9,Rock,2021-02-15,2023-08-07,512,903,1
991,France,5,16.53,7,16,2.36,Latin,2020-04-12,2022-12-10,752,972,2
992,Brazil,3,65.37,20,64,3.27,Alternative & Punk,2018-05-30,2021-02-17,1413,994,2
993,Canada,5,48.72,12,39,4.06,Jazz,2021-04-19,2024-02-17,318,1034,0
994,Austria,5,25.58,7,24,3.65,Rock,2017-07-21,2020-06-18,1657,1063,2
995,Germany,5,32.4,8,31,4.05,Alternative & Punk,2020-01-06,2022-04-03,1003,818,2
996,USA,3,35.43,14,34,2.53,Metal,2021-05-30,2024-05-20,225,1086,0
997,Brazil,5,9.01,8,9,1.13,Alternative & Punk,2021-04-06,2024-01-28,338,1027,0
998,Germany,4,28.54,7,27,4.08,Alternative & Punk,2019-10-18,2022-04-13,993,908,2
999,Ireland,3,27.96,11,25,2.54,Blues,2019-12-10,2022-09-15,838,1010,2
1000,USA,4,13.58,5,13,2.72,Metal,2019-01-17,2021-02-08,1422,753,2
